"STATION","NAME","LATITUDE","LONGITUDE","ELEVATION","DATE","PRCP","SNWD","TAVG","TMAX","TMIN"
"BE000006447","UCCLE, BE","50.8","4.35","104.0","2019-01-01","1.0",,"6.6","7.9",
"BE000006447","UCCLE, BE","50.8","4.35","104.0","2019-01-02",,,"5.0","6.2","4.3"
"BE000006447","UCCLE, BE","50.8","4.35","104.0","2019-01-03",,,"4.2","5.2",
"BE000006447","UCCLE, BE","50.8","4.35","104.0","2019-01-04","0.3",,"3.1","4.3","2.2"
"BE000006447","UCCLE, BE","50.8","4.35","104.0","2019-01-05","3.0",,"4.8","5.7","2.7"
"BE000006447","UCCLE, BE","50.8","4.35","104.0","2019-01-06",,,"4.0","5.1","3.0"
"BE000006447","UCCLE, BE","50.8","4.35","104.0","2019-01-07",,,"6.0",,
"BE000006447","UCCLE, BE","50.8","4.35","104.0","2019-01-08","2.5",,"6.4",,
"BE000006447","UCCLE, BE","50.8","4.35","104.0","2019-01-09","1.5",,"4.2","6.1",
"BE000006447","UCCLE, BE","50.8","4.35","104.0","2019-01-10",,,"3.1","4.4","2.0"
"BE000006447","UCCLE, BE","50.8","4.35","104.0","2019-01-11","4.1",,"4.7","7.2","1.7"
"BE000006447","UCCLE, BE","50.8","4.35","104.0","2019-01-12","2.5",,"6.4","7.5",
"BE000006447","UCCLE, BE","50.8","4.35","104.0","2019-01-13","7.1",,"8.3",,"6.7"
"BE000006447","UCCLE, BE","50.8","4.35","104.0","2019-01-14","2.0",,"6.0",,
"BE000006447","UCCLE, BE","50.8","4.35","104.0","2019-01-15",,,"5.3","7.0",
"BE000006447","UCCLE, BE","50.8","4.35","104.0","2019-01-16",,,"5.5",,
"BE000006447","UCCLE, BE","50.8","4.35","104.0","2019-01-17","8.9",,"3.6",,
"BE000006447","UCCLE, BE","50.8","4.35","104.0","2019-01-18","2.0",,"0.0","2.0",
"BE000006447","UCCLE, BE","50.8","4.35","104.0","2019-01-19",,,"-0.9","3.1","-3.0"
"BE000006447","UCCLE, BE","50.8","4.35","104.0","2019-01-20",,,"-1.7",,
"BE000006447","UCCLE, BE","50.8","4.35","104.0","2019-01-21",,,"-1.8","2.7",
"BE000006447","UCCLE, BE","50.8","4.35","104.0","2019-01-22",,,"-1.6",,"-3.4"
"BE000006447","UCCLE, BE","50.8","4.35","104.0","2019-01-23","1.8",,"-0.8","0.4","-1.8"
"BE000006447","UCCLE, BE","50.8","4.35","104.0","2019-01-24",,,"-0.4",,
"BE000006447","UCCLE, BE","50.8","4.35","104.0","2019-01-25",,,"0.7",,"-2.5"
"BE000006447","UCCLE, BE","50.8","4.35","104.0","2019-01-26","1.3",,"6.1","7.2","1.8"
"BE000006447","UCCLE, BE","50.8","4.35","104.0","2019-01-27","7.9",,"5.1",,
"BE000006447","UCCLE, BE","50.8","4.35","104.0","2019-01-28","20.1",,"2.6",,
"BE000006447","UCCLE, BE","50.8","4.35","104.0","2019-01-29",,,"1.4","4.7",
"BE000006447","UCCLE, BE","50.8","4.35","104.0","2019-01-30","4.3",,"0.2","1.6",
"BE000006447","UCCLE, BE","50.8","4.35","104.0","2019-01-31",,,"-2.1","-0.3",
"BE000006447","UCCLE, BE","50.8","4.35","104.0","2019-02-01","4.6",,"2.4","5.8","-1.8"
"BE000006447","UCCLE, BE","50.8","4.35","104.0","2019-02-02","20.1",,"1.9",,
"BE000006447","UCCLE, BE","50.8","4.35","104.0","2019-02-03",,,"2.6",,
"BE000006447","UCCLE, BE","50.8","4.35","104.0","2019-02-04",,,"1.5","3.3","-1.0"
"BE000006447","UCCLE, BE","50.8","4.35","104.0","2019-02-05",,,"3.3","5.7","1.6"
"BE000006447","UCCLE, BE","50.8","4.35","104.0","2019-02-06",,,"5.2","7.3","2.4"
"BE000006447","UCCLE, BE","50.8","4.35","104.0","2019-02-07","7.4",,"7.7","9.7",
"BE000006447","UCCLE, BE","50.8","4.35","104.0","2019-02-08","1.0",,"7.6","9.2","5.6"
"BE000006447","UCCLE, BE","50.8","4.35","104.0","2019-02-09","9.9",,"8.0",,"6.3"
"BE000006447","UCCLE, BE","50.8","4.35","104.0","2019-02-10","16.0",,"6.8","9.3",
"BE000006447","UCCLE, BE","50.8","4.35","104.0","2019-02-11",,,"4.0","7.9",
"BE000006447","UCCLE, BE","50.8","4.35","104.0","2019-02-12",,,"3.5","7.7",
"BE000006447","UCCLE, BE","50.8","4.35","104.0","2019-02-13",,,"3.6",,
"BE000006447","UCCLE, BE","50.8","4.35","104.0","2019-02-14",,,"6.8",,"0.5"
"BE000006447","UCCLE, BE","50.8","4.35","104.0","2019-02-15",,,"9.9","18.1","3.3"
"BE000006447","UCCLE, BE","50.8","4.35","104.0","2019-02-16",,,"8.8","15.0","4.8"
"BE000006447","UCCLE, BE","50.8","4.35","104.0","2019-02-17",,,"10.2","16.8",
"BE000006447","UCCLE, BE","50.8","4.35","104.0","2019-02-18",,,"9.6","15.3","4.9"
"BE000006447","UCCLE, BE","50.8","4.35","104.0","2019-02-19",,,"7.7","10.9",
"BE000006447","UCCLE, BE","50.8","4.35","104.0","2019-02-20",,,"7.2",,
"BE000006447","UCCLE, BE","50.8","4.35","104.0","2019-02-21",,,"8.9","13.6","5.3"
"BE000006447","UCCLE, BE","50.8","4.35","104.0","2019-02-22",,,"8.5","12.8","5.7"
"BE000006447","UCCLE, BE","50.8","4.35","104.0","2019-02-23",,,"8.2","14.2",
"BE000006447","UCCLE, BE","50.8","4.35","104.0","2019-02-24",,,"8.3",,
"BE000006447","UCCLE, BE","50.8","4.35","104.0","2019-02-25",,,"11.1","18.8","4.7"
"BE000006447","UCCLE, BE","50.8","4.35","104.0","2019-02-26",,,"11.4","20.2",
"BE000006447","UCCLE, BE","50.8","4.35","104.0","2019-02-27",,,"11.7",,"5.5"
"BE000006447","UCCLE, BE","50.8","4.35","104.0","2019-02-28",,,"8.6","12.0","5.7"
"BE000006447","UCCLE, BE","50.8","4.35","104.0","2019-03-01","8.4",,"6.9",,
"BE000006447","UCCLE, BE","50.8","4.35","104.0","2019-03-02",,,"8.3","10.5","6.1"
"BE000006447","UCCLE, BE","50.8","4.35","104.0","2019-03-03",,,"11.0","12.7","9.0"
"BE000006447","UCCLE, BE","50.8","4.35","104.0","2019-03-04",,,"8.7",,
"BE000006447","UCCLE, BE","50.8","4.35","104.0","2019-03-05",,,"6.9","10.4","3.3"
"BE000006447","UCCLE, BE","50.8","4.35","104.0","2019-03-06","0.8",,"10.0","11.8","8.0"
"BE000006447","UCCLE, BE","50.8","4.35","104.0","2019-03-07","11.9",,"8.6","10.5",
"BE000006447","UCCLE, BE","50.8","4.35","104.0","2019-03-08",,,"7.8","11.0",
"BE000006447","UCCLE, BE","50.8","4.35","104.0","2019-03-09",,,"9.4","12.2","7.2"
"BE000006447","UCCLE, BE","50.8","4.35","104.0","2019-03-10","10.9",,"7.7","11.9",
"BE000006447","UCCLE, BE","50.8","4.35","104.0","2019-03-11","2.3",,"5.0","7.8",
"BE000006447","UCCLE, BE","50.8","4.35","104.0","2019-03-12",,,"6.9",,"3.7"
"BE000006447","UCCLE, BE","50.8","4.35","104.0","2019-03-13","3.0",,"6.4","9.7","4.4"
"BE000006447","UCCLE, BE","50.8","4.35","104.0","2019-03-14","13.2",,"8.0","12.0","5.8"
"BE000006447","UCCLE, BE","50.8","4.35","104.0","2019-03-15","8.9",,"9.8","12.1","6.7"
"BE000006447","UCCLE, BE","50.8","4.35","104.0","2019-03-16",,,"10.4","11.8","8.1"
"BE000006447","UCCLE, BE","50.8","4.35","104.0","2019-03-17","4.1",,"6.6",,
"BE000006447","UCCLE, BE","50.8","4.35","104.0","2019-03-18","0.8",,"4.6","9.4",
"BE000006447","UCCLE, BE","50.8","4.35","104.0","2019-03-19",,,"5.9","11.0","-0.1"
"BE000006447","UCCLE, BE","50.8","4.35","104.0","2019-03-20",,,"9.1","13.4","4.9"
"BE000006447","UCCLE, BE","50.8","4.35","104.0","2019-03-21",,,"9.6","14.9","4.5"
"BE000006447","UCCLE, BE","50.8","4.35","104.0","2019-03-22",,,"11.6","18.8","5.0"
"BE000006447","UCCLE, BE","50.8","4.35","104.0","2019-03-23",,,"9.1",,"7.3"
"BE000006447","UCCLE, BE","50.8","4.35","104.0","2019-03-24",,,"8.0","11.5",
"BE000006447","UCCLE, BE","50.8","4.35","104.0","2019-03-25",,,"6.8","9.5","3.6"
"BE000006447","UCCLE, BE","50.8","4.35","104.0","2019-03-26",,,"7.6",,"4.0"
"BE000006447","UCCLE, BE","50.8","4.35","104.0","2019-03-27",,,"7.7","10.6","2.7"
"BE000006447","UCCLE, BE","50.8","4.35","104.0","2019-03-28",,,"9.2","12.3",
"BE000006447","UCCLE, BE","50.8","4.35","104.0","2019-03-29",,,"11.0","17.6","4.1"
"BE000006447","UCCLE, BE","50.8","4.35","104.0","2019-03-30",,,"13.2","18.7","8.1"
"BE000006447","UCCLE, BE","50.8","4.35","104.0","2019-03-31",,,"10.2","13.9",
"BE000006447","UCCLE, BE","50.8","4.35","104.0","2019-04-01",,,"9.8","17.2",
"BE000006447","UCCLE, BE","50.8","4.35","104.0","2019-04-02",,,"10.5",,
"BE000006447","UCCLE, BE","50.8","4.35","104.0","2019-04-03","5.1",,"5.6","9.6",
"BE000006447","UCCLE, BE","50.8","4.35","104.0","2019-04-04",,,"5.7","10.9","1.5"
"BE000006447","UCCLE, BE","50.8","4.35","104.0","2019-04-05",,,"8.2","13.3","1.3"
"BE000006447","UCCLE, BE","50.8","4.35","104.0","2019-04-06",,,"10.6","14.6","7.1"
"BE000006447","UCCLE, BE","50.8","4.35","104.0","2019-04-07",,,"13.0",,"8.3"
"BE000006447","UCCLE, BE","50.8","4.35","104.0","2019-04-08",,,"9.7",,"8.4"
"BE000006447","UCCLE, BE","50.8","4.35","104.0","2019-04-09","13.0",,"9.7","10.6",
"BE000006447","UCCLE, BE","50.8","4.35","104.0","2019-04-10",,,"8.6","13.3","4.9"
"BE000006447","UCCLE, BE","50.8","4.35","104.0","2019-04-11",,,"6.6","11.5","1.3"
"BE000006447","UCCLE, BE","50.8","4.35","104.0","2019-04-12",,,"5.2","8.4","2.6"
"BE000006447","UCCLE, BE","50.8","4.35","104.0","2019-04-13",,,"3.8",,"0.1"
"BE000006447","UCCLE, BE","50.8","4.35","104.0","2019-04-14",,,"4.4","9.5","-0.4"
"BE000006447","UCCLE, BE","50.8","4.35","104.0","2019-04-15",,,"9.2",,"1.4"
"BE000006447","UCCLE, BE","50.8","4.35","104.0","2019-04-16",,,"12.5","18.2","7.6"
"BE000006447","UCCLE, BE","50.8","4.35","104.0","2019-04-17",,,"11.8","14.8","9.6"
"BE000006447","UCCLE, BE","50.8","4.35","104.0","2019-04-18",,,"15.6","22.1","8.4"
"BE000006447","UCCLE, BE","50.8","4.35","104.0","2019-04-19",,,"17.9",,"11.2"
"BE000006447","UCCLE, BE","50.8","4.35","104.0","2019-04-20",,,"18.4",,"11.1"
"BE000006447","UCCLE, BE","50.8","4.35","104.0","2019-04-21",,,"17.9","24.4","10.2"
"BE000006447","UCCLE, BE","50.8","4.35","104.0","2019-04-22",,,"18.8",,"11.4"
"BE000006447","UCCLE, BE","50.8","4.35","104.0","2019-04-23",,,"16.6","21.4","12.0"
"BE000006447","UCCLE, BE","50.8","4.35","104.0","2019-04-24",,,"15.7","22.5",
"BE000006447","UCCLE, BE","50.8","4.35","104.0","2019-04-25",,,"11.6","16.3",
"BE000006447","UCCLE, BE","50.8","4.35","104.0","2019-04-26",,,"12.2",,"8.1"
"BE000006447","UCCLE, BE","50.8","4.35","104.0","2019-04-27","2.8",,"9.9","12.3",
"BE000006447","UCCLE, BE","50.8","4.35","104.0","2019-04-28","4.1",,"8.4","11.9","6.0"
"BE000006447","UCCLE, BE","50.8","4.35","104.0","2019-04-29",,,"10.3","15.7","4.0"
"BE000006447","UCCLE, BE","50.8","4.35","104.0","2019-04-30",,,"11.5",,
"BE000006447","UCCLE, BE","50.8","4.35","104.0","2019-05-01",,,"10.4","15.6","5.0"
"BE000006447","UCCLE, BE","50.8","4.35","104.0","2019-05-02",,,"9.3","12.5","5.0"
"BE000006447","UCCLE, BE","50.8","4.35","104.0","2019-05-03",,,"9.4","11.8","6.7"
"BE000006447","UCCLE, BE","50.8","4.35","104.0","2019-05-04","10.9",,"6.1",,"3.6"
"BE000006447","UCCLE, BE","50.8","4.35","104.0","2019-05-05",,,"6.4",,"2.0"
"BE000006447","UCCLE, BE","50.8","4.35","104.0","2019-05-06",,,"6.4","11.5","1.6"
"BE000006447","UCCLE, BE","50.8","4.35","104.0","2019-05-07",,,"9.3","14.0","3.6"
"BE000006447","UCCLE, BE","50.8","4.35","104.0","2019-05-08","5.1",,"10.0","14.1","8.5"
"BE000006447","UCCLE, BE","50.8","4.35","104.0","2019-05-09",,,"11.0","16.8","7.2"
"BE000006447","UCCLE, BE","50.8","4.35","104.0","2019-05-10",,,"11.7","16.7","8.4"
"BE000006447","UCCLE, BE","50.8","4.35","104.0","2019-05-11",,,"11.2",,
"BE000006447","UCCLE, BE","50.8","4.35","104.0","2019-05-12",,,"9.7","13.4","5.2"
"BE000006447","UCCLE, BE","50.8","4.35","104.0","2019-05-13",,,"10.9",,"5.0"
"BE000006447","UCCLE, BE","50.8","4.35","104.0","2019-05-14",,,"11.2","16.2","5.8"
"BE000006447","UCCLE, BE","50.8","4.35","104.0","2019-05-15",,,"12.2","17.2","6.6"
"BE000006447","UCCLE, BE","50.8","4.35","104.0","2019-05-16",,,"12.6","17.3","6.7"
"BE000006447","UCCLE, BE","50.8","4.35","104.0","2019-05-17",,,"11.2","12.9","9.3"
"BE000006447","UCCLE, BE","50.8","4.35","104.0","2019-05-18",,,"13.8","19.3","7.9"
"BE000006447","UCCLE, BE","50.8","4.35","104.0","2019-05-19","1.0",,"13.9",,
"BE000006447","UCCLE, BE","50.8","4.35","104.0","2019-05-20","0.5",,"11.3","12.7","10.4"
"BE000006447","UCCLE, BE","50.8","4.35","104.0","2019-05-21",,,"12.8","17.4","9.3"
"BE000006447","UCCLE, BE","50.8","4.35","104.0","2019-05-22",,,"13.9",,"8.6"
"BE000006447","UCCLE, BE","50.8","4.35","104.0","2019-05-23",,,"15.5","21.8","8.4"
"BE000006447","UCCLE, BE","50.8","4.35","104.0","2019-05-24",,,"17.1","22.2","11.9"
"BE000006447","UCCLE, BE","50.8","4.35","104.0","2019-05-25",,,"13.2","18.1","8.5"
"BE000006447","UCCLE, BE","50.8","4.35","104.0","2019-05-26",,,"15.1","19.8","9.6"
"BE000006447","UCCLE, BE","50.8","4.35","104.0","2019-05-27",,,"15.4","18.9",
"BE000006447","UCCLE, BE","50.8","4.35","104.0","2019-05-28","9.1",,"11.9","14.8",
"BE000006447","UCCLE, BE","50.8","4.35","104.0","2019-05-29",,,"13.8","19.1","6.3"
"BE000006447","UCCLE, BE","50.8","4.35","104.0","2019-05-30",,,"16.7","20.7","12.5"
"BE000006447","UCCLE, BE","50.8","4.35","104.0","2019-05-31",,,"16.6","20.6","12.2"
"BE000006447","UCCLE, BE","50.8","4.35","104.0","2019-06-01",,,"20.1","26.6","12.6"
"BE000006447","UCCLE, BE","50.8","4.35","104.0","2019-06-02",,,"23.7","29.8","15.8"
"BE000006447","UCCLE, BE","50.8","4.35","104.0","2019-06-03",,,"17.8","19.8",
"BE000006447","UCCLE, BE","50.8","4.35","104.0","2019-06-04",,,"18.6","27.0","11.8"
"BE000006447","UCCLE, BE","50.8","4.35","104.0","2019-06-05","7.1",,"15.1","18.2",
"BE000006447","UCCLE, BE","50.8","4.35","104.0","2019-06-06","30.0",,"13.0","17.2","9.6"
"BE000006447","UCCLE, BE","50.8","4.35","104.0","2019-06-07",,,"14.3","20.9","9.4"
"BE000006447","UCCLE, BE","50.8","4.35","104.0","2019-06-08","1.3",,"13.9","17.0",
"BE000006447","UCCLE, BE","50.8","4.35","104.0","2019-06-09",,,"14.7","18.9","8.8"
"BE000006447","UCCLE, BE","50.8","4.35","104.0","2019-06-10",,,"16.6",,
"BE000006447","UCCLE, BE","50.8","4.35","104.0","2019-06-11",,,"14.3","18.8","9.1"
"BE000006447","UCCLE, BE","50.8","4.35","104.0","2019-06-12","13.0",,"13.8","17.2",
"BE000006447","UCCLE, BE","50.8","4.35","104.0","2019-06-13","3.6",,"14.1","18.3","11.1"
"BE000006447","UCCLE, BE","50.8","4.35","104.0","2019-06-14","4.3",,"17.3","23.0","10.5"
"BE000006447","UCCLE, BE","50.8","4.35","104.0","2019-06-15","22.9",,"16.4","21.8","12.8"
"BE000006447","UCCLE, BE","50.8","4.35","104.0","2019-06-16",,,"16.6",,"12.6"
"BE000006447","UCCLE, BE","50.8","4.35","104.0","2019-06-17",,,"19.4","24.9","12.2"
"BE000006447","UCCLE, BE","50.8","4.35","104.0","2019-06-18",,,"21.3","27.0","14.4"
"BE000006447","UCCLE, BE","50.8","4.35","104.0","2019-06-19",,,"19.7","27.2",
"BE000006447","UCCLE, BE","50.8","4.35","104.0","2019-06-20",,,"16.9","21.2",
"BE000006447","UCCLE, BE","50.8","4.35","104.0","2019-06-21",,,"15.4","20.3","10.7"
"BE000006447","UCCLE, BE","50.8","4.35","104.0","2019-06-22",,,"17.9",,"11.3"
"BE000006447","UCCLE, BE","50.8","4.35","104.0","2019-06-23",,,"22.5","28.4","15.1"
"BE000006447","UCCLE, BE","50.8","4.35","104.0","2019-06-24",,,"25.3","30.6","19.4"
"BE000006447","UCCLE, BE","50.8","4.35","104.0","2019-06-25",,,"26.8","32.0","21.0"
"BE000006447","UCCLE, BE","50.8","4.35","104.0","2019-06-26",,,"21.3","26.8","17.0"
"BE000006447","UCCLE, BE","50.8","4.35","104.0","2019-06-27",,,"19.1","25.5","14.6"
"BE000006447","UCCLE, BE","50.8","4.35","104.0","2019-06-28",,,"19.7","26.3","12.5"
"BE000006447","UCCLE, BE","50.8","4.35","104.0","2019-06-29",,,"25.1","32.6","16.6"
"BE000006447","UCCLE, BE","50.8","4.35","104.0","2019-06-30",,,"23.1","25.3",
"BE000006447","UCCLE, BE","50.8","4.35","104.0","2019-07-01",,,"18.4","23.0","14.2"
"BE000006447","UCCLE, BE","50.8","4.35","104.0","2019-07-02",,,"17.8","22.0","11.8"
"BE000006447","UCCLE, BE","50.8","4.35","104.0","2019-07-03",,,"17.0","21.3","12.9"
"BE000006447","UCCLE, BE","50.8","4.35","104.0","2019-07-04",,,"17.5","23.0","11.4"
"BE000006447","UCCLE, BE","50.8","4.35","104.0","2019-07-05",,,"19.5","25.7","13.7"
"BE000006447","UCCLE, BE","50.8","4.35","104.0","2019-07-06",,,"19.7","25.8","14.8"
"BE000006447","UCCLE, BE","50.8","4.35","104.0","2019-07-07",,,"16.7","20.0",
"BE000006447","UCCLE, BE","50.8","4.35","104.0","2019-07-08",,,"14.8","18.7","10.3"
"BE000006447","UCCLE, BE","50.8","4.35","104.0","2019-07-09",,,"16.1","21.1","10.2"
"BE000006447","UCCLE, BE","50.8","4.35","104.0","2019-07-10",,,"18.2","22.5","12.2"
"BE000006447","UCCLE, BE","50.8","4.35","104.0","2019-07-11",,,"20.1","24.7","16.6"
"BE000006447","UCCLE, BE","50.8","4.35","104.0","2019-07-12",,,"17.8","21.6","14.5"
"BE000006447","UCCLE, BE","50.8","4.35","104.0","2019-07-13",,,"17.2",,"15.0"
"BE000006447","UCCLE, BE","50.8","4.35","104.0","2019-07-14",,,"15.9","18.9","13.5"
"BE000006447","UCCLE, BE","50.8","4.35","104.0","2019-07-15",,,"14.8","17.8","10.8"
"BE000006447","UCCLE, BE","50.8","4.35","104.0","2019-07-16",,,"16.3","20.6",
"BE000006447","UCCLE, BE","50.8","4.35","104.0","2019-07-17",,,"18.4","24.6","10.9"
"BE000006447","UCCLE, BE","50.8","4.35","104.0","2019-07-18",,,"19.1","22.8","15.3"
"BE000006447","UCCLE, BE","50.8","4.35","104.0","2019-07-19",,,"20.1","24.1","15.8"
"BE000006447","UCCLE, BE","50.8","4.35","104.0","2019-07-20",,,"20.8","26.3",
"BE000006447","UCCLE, BE","50.8","4.35","104.0","2019-07-21",,,"19.4","24.1","14.7"
"BE000006447","UCCLE, BE","50.8","4.35","104.0","2019-07-22",,,"21.9","28.2","14.4"
"BE000006447","UCCLE, BE","50.8","4.35","104.0","2019-07-23",,,"26.3","33.9","17.3"
"BE000006447","UCCLE, BE","50.8","4.35","104.0","2019-07-24",,,"29.3","35.9","21.8"
"BE000006447","UCCLE, BE","50.8","4.35","104.0","2019-07-25",,,"30.0","39.7","23.5"
"BE000006447","UCCLE, BE","50.8","4.35","104.0","2019-07-26",,,"26.8","31.5",
"BE000006447","UCCLE, BE","50.8","4.35","104.0","2019-07-27","30.5",,"19.3",,
"BE000006447","UCCLE, BE","50.8","4.35","104.0","2019-07-28",,,"17.2","19.4",
"BE000006447","UCCLE, BE","50.8","4.35","104.0","2019-07-29",,,"19.1","25.0","13.1"
"BE000006447","UCCLE, BE","50.8","4.35","104.0","2019-07-30",,,"20.9",,"15.7"
"BE000006447","UCCLE, BE","50.8","4.35","104.0","2019-07-31","0.3",,"18.1","21.8","15.5"
"BE000006447","UCCLE, BE","50.8","4.35","104.0","2019-08-01",,,"19.2",,"15.6"
"BE000006447","UCCLE, BE","50.8","4.35","104.0","2019-08-02",,,"18.1","21.7","13.9"
"BE000006447","UCCLE, BE","50.8","4.35","104.0","2019-08-03",,,"18.6",,
"BE000006447","UCCLE, BE","50.8","4.35","104.0","2019-08-04",,,"20.7","26.5","14.2"
"BE000006447","UCCLE, BE","50.8","4.35","104.0","2019-08-05",,,"21.4","25.4","17.8"
"BE000006447","UCCLE, BE","50.8","4.35","104.0","2019-08-06",,,"19.6",,"15.8"
"BE000006447","UCCLE, BE","50.8","4.35","104.0","2019-08-07",,,"19.3","23.8",
"BE000006447","UCCLE, BE","50.8","4.35","104.0","2019-08-08",,,"18.8","23.9","14.7"
"BE000006447","UCCLE, BE","50.8","4.35","104.0","2019-08-09","2.8",,"21.5","24.9","18.4"
"BE000006447","UCCLE, BE","50.8","4.35","104.0","2019-08-10",,,"20.7","24.5",
"BE000006447","UCCLE, BE","50.8","4.35","104.0","2019-08-11",,,"17.4","20.0",
"BE000006447","UCCLE, BE","50.8","4.35","104.0","2019-08-12",,,"15.7","21.6",
"BE000006447","UCCLE, BE","50.8","4.35","104.0","2019-08-13","9.9",,"14.1","18.2","10.8"
"BE000006447","UCCLE, BE","50.8","4.35","104.0","2019-08-14","0.5",,"15.7",,"10.7"
"BE000006447","UCCLE, BE","50.8","4.35","104.0","2019-08-15","4.3",,"17.6","20.9",
"BE000006447","UCCLE, BE","50.8","4.35","104.0","2019-08-16",,,"17.8",,"13.6"
"BE000006447","UCCLE, BE","50.8","4.35","104.0","2019-08-17","2.3",,"17.6","19.2","16.0"
"BE000006447","UCCLE, BE","50.8","4.35","104.0","2019-08-18","13.0",,"16.4",,
"BE000006447","UCCLE, BE","50.8","4.35","104.0","2019-08-19",,,"16.5","20.7","12.5"
"BE000006447","UCCLE, BE","50.8","4.35","104.0","2019-08-20",,,"16.4",,"11.7"
"BE000006447","UCCLE, BE","50.8","4.35","104.0","2019-08-21",,,"16.3","22.5","9.6"
"BE000006447","UCCLE, BE","50.8","4.35","104.0","2019-08-22",,,"18.6","24.4","11.7"
"BE000006447","UCCLE, BE","50.8","4.35","104.0","2019-08-23",,,"19.8",,"11.9"
"BE000006447","UCCLE, BE","50.8","4.35","104.0","2019-08-24",,,"22.5","29.4","14.8"
"BE000006447","UCCLE, BE","50.8","4.35","104.0","2019-08-25",,,"23.8","30.9","16.5"
"BE000006447","UCCLE, BE","50.8","4.35","104.0","2019-08-26",,,"24.5","31.3","16.9"
"BE000006447","UCCLE, BE","50.8","4.35","104.0","2019-08-27",,,"26.0","33.3","19.6"
"BE000006447","UCCLE, BE","50.8","4.35","104.0","2019-08-28",,,"23.1","29.5",
"BE000006447","UCCLE, BE","50.8","4.35","104.0","2019-08-29",,,"18.9","22.1",
"BE000006447","UCCLE, BE","50.8","4.35","104.0","2019-08-30",,,"17.2",,"11.0"
"BE000006447","UCCLE, BE","50.8","4.35","104.0","2019-08-31",,,"21.0","31.1","13.1"
"BE000006447","UCCLE, BE","50.8","4.35","104.0","2019-09-01",,,"16.6",,
"BE000006447","UCCLE, BE","50.8","4.35","104.0","2019-09-02",,,"15.4","20.5","9.5"
"BE000006447","UCCLE, BE","50.8","4.35","104.0","2019-09-03",,,"15.7",,"12.9"
"BE000006447","UCCLE, BE","50.8","4.35","104.0","2019-09-04",,,"15.8",,
"BE000006447","UCCLE, BE","50.8","4.35","104.0","2019-09-05",,,"13.1","17.0",
"BE000006447","UCCLE, BE","50.8","4.35","104.0","2019-09-06",,,"13.1","19.4","6.4"
"BE000006447","UCCLE, BE","50.8","4.35","104.0","2019-09-07","3.8",,"13.7","17.4","12.5"
"BE000006447","UCCLE, BE","50.8","4.35","104.0","2019-09-08",,,"13.2","17.2","9.2"
"BE000006447","UCCLE, BE","50.8","4.35","104.0","2019-09-09",,,"11.9","17.3","6.7"
"BE000006447","UCCLE, BE","50.8","4.35","104.0","2019-09-10",,,"15.1","20.8","8.8"
"BE000006447","UCCLE, BE","50.8","4.35","104.0","2019-09-11",,,"15.4","18.6","12.4"
"BE000006447","UCCLE, BE","50.8","4.35","104.0","2019-09-12",,,"18.9","23.5","16.1"
"BE000006447","UCCLE, BE","50.8","4.35","104.0","2019-09-13",,,"17.9","21.8",
"BE000006447","UCCLE, BE","50.8","4.35","104.0","2019-09-14",,,"16.2","22.4","11.3"
"BE000006447","UCCLE, BE","50.8","4.35","104.0","2019-09-15",,,"16.8",,"9.7"
"BE000006447","UCCLE, BE","50.8","4.35","104.0","2019-09-16",,,"16.4","20.8","13.3"
"BE000006447","UCCLE, BE","50.8","4.35","104.0","2019-09-17",,,"14.8","18.7",
"BE000006447","UCCLE, BE","50.8","4.35","104.0","2019-09-18",,,"12.4","17.6","6.8"
"BE000006447","UCCLE, BE","50.8","4.35","104.0","2019-09-19",,,"12.4","17.3","7.9"
"BE000006447","UCCLE, BE","50.8","4.35","104.0","2019-09-20",,,"13.6","20.1","6.4"
"BE000006447","UCCLE, BE","50.8","4.35","104.0","2019-09-21",,,"17.7","27.1","8.8"
"BE000006447","UCCLE, BE","50.8","4.35","104.0","2019-09-22",,,"19.5","26.0",
"BE000006447","UCCLE, BE","50.8","4.35","104.0","2019-09-23",,,"16.2","19.8",
"BE000006447","UCCLE, BE","50.8","4.35","104.0","2019-09-24",,,"15.1",,
"BE000006447","UCCLE, BE","50.8","4.35","104.0","2019-09-25",,,"14.6","16.7","13.1"
"BE000006447","UCCLE, BE","50.8","4.35","104.0","2019-09-26","6.1",,"15.6","19.0",
"BE000006447","UCCLE, BE","50.8","4.35","104.0","2019-09-27","5.1",,"15.2","19.1","12.8"
"BE000006447","UCCLE, BE","50.8","4.35","104.0","2019-09-28","7.1",,"14.3","16.2","12.9"
"BE000006447","UCCLE, BE","50.8","4.35","104.0","2019-09-29",,,"15.1","18.2",
"BE000006447","UCCLE, BE","50.8","4.35","104.0","2019-09-30",,,"14.5",,
"BE000006447","UCCLE, BE","50.8","4.35","104.0","2019-10-01","18.0",,"15.4","18.2","13.5"
"BE000006447","UCCLE, BE","50.8","4.35","104.0","2019-10-02","9.1",,"10.5",,
"BE000006447","UCCLE, BE","50.8","4.35","104.0","2019-10-03",,,"9.6","13.6","5.5"
"BE000006447","UCCLE, BE","50.8","4.35","104.0","2019-10-04","3.8",,"12.0","15.8","9.1"
"BE000006447","UCCLE, BE","50.8","4.35","104.0","2019-10-05",,,"10.3","12.6",
"BE000006447","UCCLE, BE","50.8","4.35","104.0","2019-10-06","7.9",,"11.4","15.9","9.0"
"BE000006447","UCCLE, BE","50.8","4.35","104.0","2019-10-07",,,"10.8","13.3",
"BE000006447","UCCLE, BE","50.8","4.35","104.0","2019-10-08","8.9",,"12.9","14.9","11.5"
"BE000006447","UCCLE, BE","50.8","4.35","104.0","2019-10-09",,,"11.3",,
"BE000006447","UCCLE, BE","50.8","4.35","104.0","2019-10-10",,,"12.3","16.1","8.6"
"BE000006447","UCCLE, BE","50.8","4.35","104.0","2019-10-11",,,"14.4",,"12.1"
"BE000006447","UCCLE, BE","50.8","4.35","104.0","2019-10-12",,,"15.7","18.7",
"BE000006447","UCCLE, BE","50.8","4.35","104.0","2019-10-13","0.5",,"18.3","23.2","14.8"
"BE000006447","UCCLE, BE","50.8","4.35","104.0","2019-10-14","0.5",,"17.1","22.8","11.3"
"BE000006447","UCCLE, BE","50.8","4.35","104.0","2019-10-15","0.5",,"14.4",,
"BE000006447","UCCLE, BE","50.8","4.35","104.0","2019-10-16","5.3",,"12.4","13.8","10.2"
"BE000006447","UCCLE, BE","50.8","4.35","104.0","2019-10-17",,,"13.2",,
"BE000006447","UCCLE, BE","50.8","4.35","104.0","2019-10-18",,,"12.9","14.7","11.5"
"BE000006447","UCCLE, BE","50.8","4.35","104.0","2019-10-19","4.1",,"11.7","13.5",
"BE000006447","UCCLE, BE","50.8","4.35","104.0","2019-10-20",,,"10.6",,"9.5"
"BE000006447","UCCLE, BE","50.8","4.35","104.0","2019-10-21","3.3",,"11.5",,"10.5"
"BE000006447","UCCLE, BE","50.8","4.35","104.0","2019-10-22",,,"12.1","15.0",
"BE000006447","UCCLE, BE","50.8","4.35","104.0","2019-10-23",,,"13.3","17.4","10.6"
"BE000006447","UCCLE, BE","50.8","4.35","104.0","2019-10-24",,,"15.3","19.8","12.3"
"BE000006447","UCCLE, BE","50.8","4.35","104.0","2019-10-25",,,"13.4",,
"BE000006447","UCCLE, BE","50.8","4.35","104.0","2019-10-26",,,"16.3","19.0","13.7"
"BE000006447","UCCLE, BE","50.8","4.35","104.0","2019-10-27",,,"9.0",,
"BE000006447","UCCLE, BE","50.8","4.35","104.0","2019-10-28",,,"7.8","12.9","3.3"
"BE000006447","UCCLE, BE","50.8","4.35","104.0","2019-10-29",,,"7.7",,
"BE000006447","UCCLE, BE","50.8","4.35","104.0","2019-10-30",,,"5.2","9.8","2.8"
"BE000006447","UCCLE, BE","50.8","4.35","104.0","2019-10-31",,,"5.0","10.3",
"BE000006447","UCCLE, BE","50.8","4.35","104.0","2019-11-01",,,"10.3",,"3.4"
"BE000006447","UCCLE, BE","50.8","4.35","104.0","2019-11-02","8.9",,"12.8",,
"BE000006447","UCCLE, BE","50.8","4.35","104.0","2019-11-03","6.1",,"10.5","12.7",
"BE000006447","UCCLE, BE","50.8","4.35","104.0","2019-11-04","0.8",,"10.2","13.2",
"BE000006447","UCCLE, BE","50.8","4.35","104.0","2019-11-05","1.0",,"8.4","9.8",
"BE000006447","UCCLE, BE","50.8","4.35","104.0","2019-11-06",,,"8.4","10.1","6.5"
"BE000006447","UCCLE, BE","50.8","4.35","104.0","2019-11-07",,,"7.3",,
"BE000006447","UCCLE, BE","50.8","4.35","104.0","2019-11-08",,,"5.3",,"3.2"
"BE000006447","UCCLE, BE","50.8","4.35","104.0","2019-11-09",,,"5.3","8.7",
"BE000006447","UCCLE, BE","50.8","4.35","104.0","2019-11-10",,,"4.2","10.3",
"BE000006447","UCCLE, BE","50.8","4.35","104.0","2019-11-11",,,"5.4","6.8","2.6"
"BE000006447","UCCLE, BE","50.8","4.35","104.0","2019-11-12","0.3",,"4.8","6.8",
"BE000006447","UCCLE, BE","50.8","4.35","104.0","2019-11-13","2.8",,"6.1","8.7","4.2"
"BE000006447","UCCLE, BE","50.8","4.35","104.0","2019-11-14",,,"5.1","6.4",
"BE000006447","UCCLE, BE","50.8","4.35","104.0","2019-11-15",,,"3.6",,
"BE000006447","UCCLE, BE","50.8","4.35","104.0","2019-11-16",,,"3.8","6.4",
"BE000006447","UCCLE, BE","50.8","4.35","104.0","2019-11-17",,,"4.4",,
"BE000006447","UCCLE, BE","50.8","4.35","104.0","2019-11-18","4.1",,"5.2","7.3","3.8"
"BE000006447","UCCLE, BE","50.8","4.35","104.0","2019-11-19",,,"3.3","7.7",
"BE000006447","UCCLE, BE","50.8","4.35","104.0","2019-11-20",,,"1.4","6.5",
"BE000006447","UCCLE, BE","50.8","4.35","104.0","2019-11-21",,,"1.9","5.9","-1.3"
"BE000006447","UCCLE, BE","50.8","4.35","104.0","2019-11-22",,,"7.5","10.9","3.7"
"BE000006447","UCCLE, BE","50.8","4.35","104.0","2019-11-23",,,"6.7","8.4",
"BE000006447","UCCLE, BE","50.8","4.35","104.0","2019-11-24",,,"7.4","12.3","3.6"
"BE000006447","UCCLE, BE","50.8","4.35","104.0","2019-11-25",,,"8.7",,"5.7"
"BE000006447","UCCLE, BE","50.8","4.35","104.0","2019-11-26",,,"10.4","11.8","8.5"
"BE000006447","UCCLE, BE","50.8","4.35","104.0","2019-11-27","7.9",,"10.2","11.1","9.3"
"BE000006447","UCCLE, BE","50.8","4.35","104.0","2019-11-28","7.6",,"9.2","10.2",
"BE000006447","UCCLE, BE","50.8","4.35","104.0","2019-11-29",,,"5.9",,
"BE000006447","UCCLE, BE","50.8","4.35","104.0","2019-11-30",,,"2.8","8.1",
"BE000006447","UCCLE, BE","50.8","4.35","104.0","2019-12-01",,,"1.9","3.4",
"BE000006447","UCCLE, BE","50.8","4.35","104.0","2019-12-02",,,"1.3","6.8","-2.5"
"BE000006447","UCCLE, BE","50.8","4.35","104.0","2019-12-03",,,"1.9","5.3",
"BE000006447","UCCLE, BE","50.8","4.35","104.0","2019-12-04",,,"2.6","8.8",
"BE000006447","UCCLE, BE","50.8","4.35","104.0","2019-12-05",,,"0.4","2.6","-1.8"
"BE000006447","UCCLE, BE","50.8","4.35","104.0","2019-12-06",,,"4.6",,"0.9"
"BE000006447","UCCLE, BE","50.8","4.35","104.0","2019-12-07",,,"8.7","9.2","6.6"
"BE000006447","UCCLE, BE","50.8","4.35","104.0","2019-12-08",,,"9.1","10.9",
"BE000006447","UCCLE, BE","50.8","4.35","104.0","2019-12-09","7.1",,"6.4","7.7",
"BE000006447","UCCLE, BE","50.8","4.35","104.0","2019-12-10",,,"4.4",,
"BE000006447","UCCLE, BE","50.8","4.35","104.0","2019-12-11","4.1",,"5.4",,
"BE000006447","UCCLE, BE","50.8","4.35","104.0","2019-12-12",,,"4.0",,
"BE000006447","UCCLE, BE","50.8","4.35","104.0","2019-12-13","13.0",,"5.4","6.5","3.3"
"BE000006447","UCCLE, BE","50.8","4.35","104.0","2019-12-14","5.1",,"6.3","8.0","4.5"
"BE000006447","UCCLE, BE","50.8","4.35","104.0","2019-12-15",,,"7.4",,
"BE000006447","UCCLE, BE","50.8","4.35","104.0","2019-12-16",,,"7.7",,"5.4"
"BE000006447","UCCLE, BE","50.8","4.35","104.0","2019-12-17",,,"11.7","15.4","7.3"
"BE000006447","UCCLE, BE","50.8","4.35","104.0","2019-12-18",,,"7.8","9.8",
"BE000006447","UCCLE, BE","50.8","4.35","104.0","2019-12-19",,,"12.2","14.3","7.5"
"BE000006447","UCCLE, BE","50.8","4.35","104.0","2019-12-20",,,"11.1",,
"BE000006447","UCCLE, BE","50.8","4.35","104.0","2019-12-21",,,"7.5","8.6","6.4"
"BE000006447","UCCLE, BE","50.8","4.35","104.0","2019-12-22",,,"7.7","8.8",
"BE000006447","UCCLE, BE","50.8","4.35","104.0","2019-12-23","0.8",,"7.4","9.3",
"BE000006447","UCCLE, BE","50.8","4.35","104.0","2019-12-24",,,"8.6","11.1","6.3"
"BE000006447","UCCLE, BE","50.8","4.35","104.0","2019-12-25","0.5",,"6.4",,
"BE000006447","UCCLE, BE","50.8","4.35","104.0","2019-12-26",,,"4.1",,"0.6"
"BE000006447","UCCLE, BE","50.8","4.35","104.0","2019-12-27",,,"6.3",,
"BE000006447","UCCLE, BE","50.8","4.35","104.0","2019-12-28",,,"3.6","6.4",
"BE000006447","UCCLE, BE","50.8","4.35","104.0","2019-12-29",,,"2.2","5.7","-1.0"
"BE000006447","UCCLE, BE","50.8","4.35","104.0","2019-12-30",,,"5.2","10.5","1.5"
"BE000006447","UCCLE, BE","50.8","4.35","104.0","2019-12-31",,,"3.6","6.4","1.0"
"BE000006447","UCCLE, BE","50.8","4.35","104.0","2020-01-01",,,"2.1","5.5",
"BE000006447","UCCLE, BE","50.8","4.35","104.0","2020-01-02",,,"4.0",,"0.9"
"BE000006447","UCCLE, BE","50.8","4.35","104.0","2020-01-03",,,"8.0","9.6",
"BE000006447","UCCLE, BE","50.8","4.35","104.0","2020-01-04",,,"4.7","7.5",
"BE000006447","UCCLE, BE","50.8","4.35","104.0","2020-01-05",,,"6.1","7.1","5.5"
"BE000006447","UCCLE, BE","50.8","4.35","104.0","2020-01-06",,,"5.6","8.4",
"BE000006447","UCCLE, BE","50.8","4.35","104.0","2020-01-07",,,"6.7","8.0","4.4"
"BE000006447","UCCLE, BE","50.8","4.35","104.0","2020-01-08",,,"10.6","11.6","6.4"
"BE000006447","UCCLE, BE","50.8","4.35","104.0","2020-01-09","4.1",,"11.4","12.4","10.6"
"BE000006447","UCCLE, BE","50.8","4.35","104.0","2020-01-10","11.9",,"7.1",,
"BE000006447","UCCLE, BE","50.8","4.35","104.0","2020-01-11",,,"5.2","7.0",
"BE000006447","UCCLE, BE","50.8","4.35","104.0","2020-01-12",,,"6.8","9.1","4.5"
"BE000006447","UCCLE, BE","50.8","4.35","104.0","2020-01-13",,,"7.5",,
"BE000006447","UCCLE, BE","50.8","4.35","104.0","2020-01-14",,,"10.3","11.5","8.2"
"BE000006447","UCCLE, BE","50.8","4.35","104.0","2020-01-15","2.3",,"9.6","11.5",
"BE000006447","UCCLE, BE","50.8","4.35","104.0","2020-01-16",,,"7.7","11.6","3.7"
"BE000006447","UCCLE, BE","50.8","4.35","104.0","2020-01-17",,,"8.5","10.3",
"BE000006447","UCCLE, BE","50.8","4.35","104.0","2020-01-18",,,"4.1","7.0",
"BE000006447","UCCLE, BE","50.8","4.35","104.0","2020-01-19","1.0",,"3.3","7.1","-0.3"
"BE000006447","UCCLE, BE","50.8","4.35","104.0","2020-01-20",,,"3.2","4.9","0.9"
"BE000006447","UCCLE, BE","50.8","4.35","104.0","2020-01-21",,,"0.4","4.5",
"BE000006447","UCCLE, BE","50.8","4.35","104.0","2020-01-22",,,"1.3","4.1","-2.3"
"BE000006447","UCCLE, BE","50.8","4.35","104.0","2020-01-23",,,"2.4",,
"BE000006447","UCCLE, BE","50.8","4.35","104.0","2020-01-24",,,"0.8",,
"BE000006447","UCCLE, BE","50.8","4.35","104.0","2020-01-25",,,"1.4","3.1","-0.4"
"BE000006447","UCCLE, BE","50.8","4.35","104.0","2020-01-26",,,"6.4","10.9","0.6"
"BE000006447","UCCLE, BE","50.8","4.35","104.0","2020-01-27","6.1",,"8.1","9.0","7.1"
"BE000006447","UCCLE, BE","50.8","4.35","104.0","2020-01-28","8.1",,"4.9","6.6",
"BE000006447","UCCLE, BE","50.8","4.35","104.0","2020-01-29",,,"4.8","7.7","2.2"
"BE000006447","UCCLE, BE","50.8","4.35","104.0","2020-01-30",,,"7.9",,"4.6"
"BE000006447","UCCLE, BE","50.8","4.35","104.0","2020-01-31",,,"11.1",,
"BE000006447","UCCLE, BE","50.8","4.35","104.0","2020-02-01","13.0",,"10.4",,
"BE000006447","UCCLE, BE","50.8","4.35","104.0","2020-02-02","5.1",,"9.7","12.6",
"BE000006447","UCCLE, BE","50.8","4.35","104.0","2020-02-03","3.3",,"9.4","10.8",
"BE000006447","UCCLE, BE","50.8","4.35","104.0","2020-02-04","10.9",,"5.3",,"4.1"
"BE000006447","UCCLE, BE","50.8","4.35","104.0","2020-02-05",,,"4.8","8.2","1.7"
"BE000006447","UCCLE, BE","50.8","4.35","104.0","2020-02-06",,,"3.7","8.8",
"BE000006447","UCCLE, BE","50.8","4.35","104.0","2020-02-07",,,"4.7","10.5","-0.9"
"BE000006447","UCCLE, BE","50.8","4.35","104.0","2020-02-08",,,"8.2","10.8","5.4"
"BE000006447","UCCLE, BE","50.8","4.35","104.0","2020-02-09",,,"9.7","12.1","6.8"
"BE000006447","UCCLE, BE","50.8","4.35","104.0","2020-02-10","5.1",,"7.8",,
"BE000006447","UCCLE, BE","50.8","4.35","104.0","2020-02-11","2.0",,"5.6","7.8","3.2"
"BE000006447","UCCLE, BE","50.8","4.35","104.0","2020-02-12",,,"4.8","8.0",
"BE000006447","UCCLE, BE","50.8","4.35","104.0","2020-02-13","6.1",,"6.3","9.4","4.0"
"BE000006447","UCCLE, BE","50.8","4.35","104.0","2020-02-14",,,"7.6","9.7","5.5"
"BE000006447","UCCLE, BE","50.8","4.35","104.0","2020-02-15",,,"10.1","12.2",
"BE000006447","UCCLE, BE","50.8","4.35","104.0","2020-02-16","4.1",,"12.3","16.6",
"BE000006447","UCCLE, BE","50.8","4.35","104.0","2020-02-17","7.1",,"8.1","10.3",
"BE000006447","UCCLE, BE","50.8","4.35","104.0","2020-02-18",,,"6.7","8.7","4.8"
"BE000006447","UCCLE, BE","50.8","4.35","104.0","2020-02-19",,,"5.8","7.8",
"BE000006447","UCCLE, BE","50.8","4.35","104.0","2020-02-20","1.3",,"7.7","10.7",
"BE000006447","UCCLE, BE","50.8","4.35","104.0","2020-02-21",,,"5.9","9.0","2.4"
"BE000006447","UCCLE, BE","50.8","4.35","104.0","2020-02-22",,,"7.7",,"5.3"
"BE000006447","UCCLE, BE","50.8","4.35","104.0","2020-02-23","7.1",,"10.0","12.3",
"BE000006447","UCCLE, BE","50.8","4.35","104.0","2020-02-24",,,"8.1","11.5",
"BE000006447","UCCLE, BE","50.8","4.35","104.0","2020-02-25","2.3",,"6.9",,
"BE000006447","UCCLE, BE","50.8","4.35","104.0","2020-02-26","8.9",,"3.0","5.2","0.8"
"BE000006447","UCCLE, BE","50.8","4.35","104.0","2020-02-27","9.1",,"1.9",,
"BE000006447","UCCLE, BE","50.8","4.35","104.0","2020-02-28","3.3",,"3.8",,"-0.1"
"BE000006447","UCCLE, BE","50.8","4.35","104.0","2020-02-29","2.8",,"8.3","12.4","4.5"
"BE000006447","UCCLE, BE","50.8","4.35","104.0","2020-03-01",,,"6.7","9.0","4.3"
"BE000006447","UCCLE, BE","50.8","4.35","104.0","2020-03-02","5.3",,"5.7","7.6",
"BE000006447","UCCLE, BE","50.8","4.35","104.0","2020-03-03",,,"4.0","7.3","1.8"
"BE000006447","UCCLE, BE","50.8","4.35","104.0","2020-03-04","4.1",,"5.6","8.2","2.7"
"BE000006447","UCCLE, BE","50.8","4.35","104.0","2020-03-05","10.9",,"6.3","7.7","4.9"
"BE000006447","UCCLE, BE","50.8","4.35","104.0","2020-03-06","11.9",,"5.2","7.2","3.7"
"BE000006447","UCCLE, BE","50.8","4.35","104.0","2020-03-07",,,"6.3","10.1",
"BE000006447","UCCLE, BE","50.8","4.35","104.0","2020-03-08",,,"7.9","9.0",
"BE000006447","UCCLE, BE","50.8","4.35","104.0","2020-03-09",,,"7.5","10.0",
"BE000006447","UCCLE, BE","50.8","4.35","104.0","2020-03-10","17.0",,"10.1","12.6","6.1"
"BE000006447","UCCLE, BE","50.8","4.35","104.0","2020-03-11","19.1",,"12.2","14.6","11.3"
"BE000006447","UCCLE, BE","50.8","4.35","104.0","2020-03-12","2.5",,"9.1",,
"BE000006447","UCCLE, BE","50.8","4.35","104.0","2020-03-13",,,"6.8","10.2",
"BE000006447","UCCLE, BE","50.8","4.35","104.0","2020-03-14",,,"7.0","10.3","3.3"
"BE000006447","UCCLE, BE","50.8","4.35","104.0","2020-03-15",,,"10.1","13.8","7.1"
"BE000006447","UCCLE, BE","50.8","4.35","104.0","2020-03-16",,,"8.9","12.0","4.7"
"BE000006447","UCCLE, BE","50.8","4.35","104.0","2020-03-17",,,"8.3","14.0","3.2"
"BE000006447","UCCLE, BE","50.8","4.35","104.0","2020-03-18",,,"10.7","16.7","5.9"
"BE000006447","UCCLE, BE","50.8","4.35","104.0","2020-03-19",,,"9.1","13.2","4.6"
"BE000006447","UCCLE, BE","50.8","4.35","104.0","2020-03-20",,,"7.1","9.1",
"BE000006447","UCCLE, BE","50.8","4.35","104.0","2020-03-21",,,"5.9","9.4","3.4"
"BE000006447","UCCLE, BE","50.8","4.35","104.0","2020-03-22",,,"5.4","11.1","0.8"
"BE000006447","UCCLE, BE","50.8","4.35","104.0","2020-03-23","0.0",,"5.6","12.5","-0.9"
"BE000006447","UCCLE, BE","50.8","4.35","104.0","2020-03-24","0.0",,"5.4","12.7","-1.8"
"BE000006447","UCCLE, BE","50.8","4.35","104.0","2020-03-25","0.0",,"5.8","11.9","-1.3"
"BE000006447","UCCLE, BE","50.8","4.35","104.0","2020-03-26","0.0",,"6.5","11.2","1.2"
"BE000006447","UCCLE, BE","50.8","4.35","104.0","2020-03-27","0.0",,"8.3","14.5","2.6"
"BE000006447","UCCLE, BE","50.8","4.35","104.0","2020-03-28","0.0",,"8.8","14.3",
"BE000006447","UCCLE, BE","50.8","4.35","104.0","2020-03-29","0.0",,"4.7","6.8",
"BE000006447","UCCLE, BE","50.8","4.35","104.0","2020-03-30","0.0",,"4.0","8.5","-0.9"
"BE000006447","UCCLE, BE","50.8","4.35","104.0","2020-03-31","0.0",,"5.3","9.7",
"BE000006447","UCCLE, BE","50.8","4.35","104.0","2020-04-01","0.0",,"5.3","10.7","-1.2"
"BE000006447","UCCLE, BE","50.8","4.35","104.0","2020-04-02","0.0",,"5.4","9.5","-1.3"
"BE000006447","UCCLE, BE","50.8","4.35","104.0","2020-04-03","0.0",,"7.8","10.9","4.4"
"BE000006447","UCCLE, BE","50.8","4.35","104.0","2020-04-04","0.0",,"10.4","15.9","6.2"
"BE000006447","UCCLE, BE","50.8","4.35","104.0","2020-04-05","0.0",,"14.8","22.4","6.4"
"BE000006447","UCCLE, BE","50.8","4.35","104.0","2020-04-06","0.0",,"15.4","21.1","11.4"
"BE000006447","UCCLE, BE","50.8","4.35","104.0","2020-04-07","0.0",,"14.2","20.8","6.5"
"BE000006447","UCCLE, BE","50.8","4.35","104.0","2020-04-08","0.0",,"17.5","24.1","11.0"
"BE000006447","UCCLE, BE","50.8","4.35","104.0","2020-04-09","0.0",,"16.3","22.2","10.3"
"BE000006447","UCCLE, BE","50.8","4.35","104.0","2020-04-10","0.0",,"15.3","21.1","9.1"
"BE000006447","UCCLE, BE","50.8","4.35","104.0","2020-04-11","0.0",,"15.6","22.7","9.1"
"BE000006447","UCCLE, BE","50.8","4.35","104.0","2020-04-12","0.0",,"16.1","23.4","8.2"
"BE000006447","UCCLE, BE","50.8","4.35","104.0","2020-04-13","0.0",,"9.3",,
"BE000006447","UCCLE, BE","50.8","4.35","104.0","2020-04-14","0.0",,"6.9","10.6","3.9"
"BE000006447","UCCLE, BE","50.8","4.35","104.0","2020-04-15","0.0",,"10.1","17.5","2.4"
"BE000006447","UCCLE, BE","50.8","4.35","104.0","2020-04-16","0.0",,"15.0","23.3","6.7"
"BE000006447","UCCLE, BE","50.8","4.35","104.0","2020-04-17","0.0",,"15.3","21.9","9.5"
"BE000006447","UCCLE, BE","50.8","4.35","104.0","2020-04-18","4.8",,"11.7","15.5",
"BE000006447","UCCLE, BE","50.8","4.35","104.0","2020-04-19","0.0",,"11.1","15.0","6.7"
"BE000006447","UCCLE, BE","50.8","4.35","104.0","2020-04-20","0.0",,"13.6","19.4","7.3"
"BE000006447","UCCLE, BE","50.8","4.35","104.0","2020-04-21","0.0",,"14.7","21.2","8.2"
"BE000006447","UCCLE, BE","50.8","4.35","104.0","2020-04-22","0.0",,"15.8","22.4","8.7"
"BE000006447","UCCLE, BE","50.8","4.35","104.0","2020-04-23","0.0",,"16.4","23.2","7.9"
"BE000006447","UCCLE, BE","50.8","4.35","104.0","2020-04-24","0.0",,"12.8","19.3","7.4"
"BE000006447","UCCLE, BE","50.8","4.35","104.0","2020-04-25","0.0",,"10.6","15.4","6.7"
"BE000006447","UCCLE, BE","50.8","4.35","104.0","2020-04-26","0.0",,"11.5","17.9","4.1"
"BE000006447","UCCLE, BE","50.8","4.35","104.0","2020-04-27","0.0",,"15.1","22.0","6.6"
"BE000006447","UCCLE, BE","50.8","4.35","104.0","2020-04-28","5.6",,"12.2","15.7","10.0"
"BE000006447","UCCLE, BE","50.8","4.35","104.0","2020-04-29","3.8",,"12.0","16.1",
"BE000006447","UCCLE, BE","50.8","4.35","104.0","2020-04-30","4.8",,"10.7","14.9","7.8"
"BE000006447","UCCLE, BE","50.8","4.35","104.0","2020-05-01","0.3",,"10.9","14.7","8.1"
"BE000006447","UCCLE, BE","50.8","4.35","104.0","2020-05-02","1.5",,"9.9","14.5",
"BE000006447","UCCLE, BE","50.8","4.35","104.0","2020-05-03","0.0",,"11.3","16.7","4.8"
"BE000006447","UCCLE, BE","50.8","4.35","104.0","2020-05-04","1.0",,"12.4","15.9",
"BE000006447","UCCLE, BE","50.8","4.35","104.0","2020-05-05","0.0",,"10.6","15.7","5.9"
"BE000006447","UCCLE, BE","50.8","4.35","104.0","2020-05-06","0.0",,"12.1","18.1","4.7"
"BE000006447","UCCLE, BE","50.8","4.35","104.0","2020-05-07","0.0",,"14.4","20.8","5.8"
"BE000006447","UCCLE, BE","50.8","4.35","104.0","2020-05-08","0.0",,"16.4","22.0","8.5"
"BE000006447","UCCLE, BE","50.8","4.35","104.0","2020-05-09","0.0",,"18.1","24.7","11.8"
"BE000006447","UCCLE, BE","50.8","4.35","104.0","2020-05-10","2.0",,"15.1","20.5",
"BE000006447","UCCLE, BE","50.8","4.35","104.0","2020-05-11","0.3",,"8.6","12.4","5.9"
"BE000006447","UCCLE, BE","50.8","4.35","104.0","2020-05-12","0.0",,"7.9","11.9","3.3"
"BE000006447","UCCLE, BE","50.8","4.35","104.0","2020-05-13","0.0",,"8.8","13.4","3.1"
"BE000006447","UCCLE, BE","50.8","4.35","104.0","2020-05-14","0.0",,"9.1","14.2","3.6"
"BE000006447","UCCLE, BE","50.8","4.35","104.0","2020-05-15","0.0",,"10.1","15.8","4.1"
"BE000006447","UCCLE, BE","50.8","4.35","104.0","2020-05-16","0.0",,"11.2","16.8","4.5"
"BE000006447","UCCLE, BE","50.8","4.35","104.0","2020-05-17","0.0",,"13.1","19.4","4.6"
"BE000006447","UCCLE, BE","50.8","4.35","104.0","2020-05-18","0.0",,"15.8","22.9","9.0"
"BE000006447","UCCLE, BE","50.8","4.35","104.0","2020-05-19","0.0",,"16.5","23.5","9.0"
"BE000006447","UCCLE, BE","50.8","4.35","104.0","2020-05-20","0.0",,"18.3","24.1","11.1"
"BE000006447","UCCLE, BE","50.8","4.35","104.0","2020-05-21","0.0",,"20.4","27.2","12.0"
"BE000006447","UCCLE, BE","50.8","4.35","104.0","2020-05-22","0.3",,"19.2","24.3",
"BE000006447","UCCLE, BE","50.8","4.35","104.0","2020-05-23","0.0",,"14.8","18.8",
"BE000006447","UCCLE, BE","50.8","4.35","104.0","2020-05-24","0.0",,"13.8","18.1","9.3"
"BE000006447","UCCLE, BE","50.8","4.35","104.0","2020-05-25","0.0",,"16.8","21.8","11.3"
"BE000006447","UCCLE, BE","50.8","4.35","104.0","2020-05-26","0.0",,"18.0","24.0","9.7"
"BE000006447","UCCLE, BE","50.8","4.35","104.0","2020-05-27","0.0",,"17.5","22.9","12.9"
"BE000006447","UCCLE, BE","50.8","4.35","104.0","2020-05-28","0.0",,"16.1","21.2","9.8"
"BE000006447","UCCLE, BE","50.8","4.35","104.0","2020-05-29","0.0",,"16.9","22.9","9.8"
"BE000006447","UCCLE, BE","50.8","4.35","104.0","2020-05-30","0.0",,"18.4","23.7","10.8"
"BE000006447","UCCLE, BE","50.8","4.35","104.0","2020-05-31","0.0",,"17.6","22.2","11.4"
"BE000006447","UCCLE, BE","50.8","4.35","104.0","2020-06-01","0.0",,"19.9","25.9","11.8"
"BE000006447","UCCLE, BE","50.8","4.35","104.0","2020-06-02","0.0",,"20.8",,"12.9"
"BE000006447","UCCLE, BE","50.8","4.35","104.0","2020-06-03","0.0",,"17.5","23.0","12.2"
"BE000006447","UCCLE, BE","50.8","4.35","104.0","2020-06-04","1.0",,"13.0","14.5",
"BE000006447","UCCLE, BE","50.8","4.35","104.0","2020-06-05","10.4",,"10.4","14.6",
"BE000006447","UCCLE, BE","50.8","4.35","104.0","2020-06-06","1.5",,"11.9","16.0","7.6"
"BE000006447","UCCLE, BE","50.8","4.35","104.0","2020-06-07","0.8",,"13.9","19.1","9.7"
"BE000006447","UCCLE, BE","50.8","4.35","104.0","2020-06-08","4.6",,"12.9","15.8","11.4"
"BE000006447","UCCLE, BE","50.8","4.35","104.0","2020-06-09","0.0",,"13.1","15.5","11.0"
"BE000006447","UCCLE, BE","50.8","4.35","104.0","2020-06-10","0.5",,"14.0","16.9","9.9"
"BE000006447","UCCLE, BE","50.8","4.35","104.0","2020-06-11","0.3",,"16.3","20.0","13.2"
"BE000006447","UCCLE, BE","50.8","4.35","104.0","2020-06-12","4.6",,"17.3","22.6","12.5"
"BE000006447","UCCLE, BE","50.8","4.35","104.0","2020-06-13","0.3",,"19.3","25.5","13.0"
"BE000006447","UCCLE, BE","50.8","4.35","104.0","2020-06-14","0.0",,"19.1","23.1","15.0"
"BE000006447","UCCLE, BE","50.8","4.35","104.0","2020-06-15","0.0",,"19.7","24.5","14.0"
"BE000006447","UCCLE, BE","50.8","4.35","104.0","2020-06-16","0.0",,"19.1","23.4","14.0"
"BE000006447","UCCLE, BE","50.8","4.35","104.0","2020-06-17","21.6",,"17.3","23.2","14.4"
"BE000006447","UCCLE, BE","50.8","4.35","104.0","2020-06-18","4.3",,"17.2","22.1",
"BE000006447","UCCLE, BE","50.8","4.35","104.0","2020-06-19","0.0",,"17.2","21.1","12.5"
"BE000006447","UCCLE, BE","50.8","4.35","104.0","2020-06-20","0.0",,"16.8","22.0","10.7"
"BE000006447","UCCLE, BE","50.8","4.35","104.0","2020-06-21","9.4",,"18.0","23.2",
"BE000006447","UCCLE, BE","50.8","4.35","104.0","2020-06-22","0.0",,"17.1","22.5","11.6"
"BE000006447","UCCLE, BE","50.8","4.35","104.0","2020-06-23","0.0",,"20.7","26.9","12.2"
"BE000006447","UCCLE, BE","50.8","4.35","104.0","2020-06-24","0.0",,"24.0","29.7","16.6"
"BE000006447","UCCLE, BE","50.8","4.35","104.0","2020-06-25","0.0",,"23.9","29.9","16.2"
"BE000006447","UCCLE, BE","50.8","4.35","104.0","2020-06-26","0.0",,"23.9","28.6","18.3"
"BE000006447","UCCLE, BE","50.8","4.35","104.0","2020-06-27","0.5",,"20.7","23.8",
"BE000006447","UCCLE, BE","50.8","4.35","104.0","2020-06-28","0.0",,"17.8","21.6",
"BE000006447","UCCLE, BE","50.8","4.35","104.0","2020-06-29","0.0",,"16.1","20.1","13.3"
"BE000006447","UCCLE, BE","50.8","4.35","104.0","2020-06-30","5.3",,"16.3","19.5","12.3"
"BE000006447","UCCLE, BE","50.8","4.35","104.0","2020-07-01","28.7",,"17.6","20.5",
"BE000006447","UCCLE, BE","50.8","4.35","104.0","2020-07-02","0.0",,"17.2","21.1",
"BE000006447","UCCLE, BE","50.8","4.35","104.0","2020-07-03","0.0",,"16.8","21.6","13.3"
"BE000006447","UCCLE, BE","50.8","4.35","104.0","2020-07-04","0.0",,"17.7","20.0","14.9"
"BE000006447","UCCLE, BE","50.8","4.35","104.0","2020-07-05","1.3",,"18.2","22.5",
"BE000006447","UCCLE, BE","50.8","4.35","104.0","2020-07-06","0.0",,"15.5","19.4","11.0"
"BE000006447","UCCLE, BE","50.8","4.35","104.0","2020-07-07","0.0",,"16.8","21.1","12.4"
"BE000006447","UCCLE, BE","50.8","4.35","104.0","2020-07-08","9.4",,"14.9","17.1","12.4"
"BE000006447","UCCLE, BE","50.8","4.35","104.0","2020-07-09","0.3",,"19.0","23.9","15.9"
"BE000006447","UCCLE, BE","50.8","4.35","104.0","2020-07-10","0.5",,"16.5","18.8",
"BE000006447","UCCLE, BE","50.8","4.35","104.0","2020-07-11","0.0",,"15.3","20.7","9.0"
"BE000006447","UCCLE, BE","50.8","4.35","104.0","2020-07-12","0.0",,"16.7","21.2","11.2"
"BE000006447","UCCLE, BE","50.8","4.35","104.0","2020-07-13","0.0",,"18.9","24.6","12.5"
"BE000006447","UCCLE, BE","50.8","4.35","104.0","2020-07-14","1.8",,"15.9","18.4","14.0"
"BE000006447","UCCLE, BE","50.8","4.35","104.0","2020-07-15","0.0",,"16.1","20.5","13.4"
"BE000006447","UCCLE, BE","50.8","4.35","104.0","2020-07-16","2.3",,"15.6","17.6","14.1"
"BE000006447","UCCLE, BE","50.8","4.35","104.0","2020-07-17","0.5",,"17.4","21.5","14.9"
"BE000006447","UCCLE, BE","50.8","4.35","104.0","2020-07-18","0.0",,"19.7","24.3","14.3"
"BE000006447","UCCLE, BE","50.8","4.35","104.0","2020-07-19","0.0",,"18.4","24.2","12.8"
"BE000006447","UCCLE, BE","50.8","4.35","104.0","2020-07-20","1.0",,"17.1","20.7","14.0"
"BE000006447","UCCLE, BE","50.8","4.35","104.0","2020-07-21","0.0",,"16.2","21.5","9.5"
"BE000006447","UCCLE, BE","50.8","4.35","104.0","2020-07-22","0.0",,"16.2","20.7","9.5"
"BE000006447","UCCLE, BE","50.8","4.35","104.0","2020-07-23","0.0",,"19.2","25.5","10.9"
"BE000006447","UCCLE, BE","50.8","4.35","104.0","2020-07-24","1.5",,"18.1","22.7","14.5"
"BE000006447","UCCLE, BE","50.8","4.35","104.0","2020-07-25","1.0",,"19.4","24.0","15.7"
"BE000006447","UCCLE, BE","50.8","4.35","104.0","2020-07-26","3.8",,"18.3","22.5",
"BE000006447","UCCLE, BE","50.8","4.35","104.0","2020-07-27","0.5",,"20.9","28.3","14.5"
"BE000006447","UCCLE, BE","50.8","4.35","104.0","2020-07-28","0.0",,"18.8","22.1",
"BE000006447","UCCLE, BE","50.8","4.35","104.0","2020-07-29","0.0",,"17.4","22.6","11.3"
"BE000006447","UCCLE, BE","50.8","4.35","104.0","2020-07-30","0.0",,"21.3","28.5","13.1"
"BE000006447","UCCLE, BE","50.8","4.35","104.0","2020-07-31","0.0",,"27.1","36.5","17.0"
"BE000006447","UCCLE, BE","50.8","4.35","104.0","2020-08-01","0.0",,"22.7","27.1",
"BE000006447","UCCLE, BE","50.8","4.35","104.0","2020-08-02","0.0",,"18.3","22.7",
"BE000006447","UCCLE, BE","50.8","4.35","104.0","2020-08-03","0.0",,"16.4","22.4","11.8"
"BE000006447","UCCLE, BE","50.8","4.35","104.0","2020-08-04","0.0",,"17.3","23.1","10.7"
"BE000006447","UCCLE, BE","50.8","4.35","104.0","2020-08-05","0.0",,"21.4","28.8","12.7"
"BE000006447","UCCLE, BE","50.8","4.35","104.0","2020-08-06","0.0",,"24.3","32.0","15.3"
"BE000006447","UCCLE, BE","50.8","4.35","104.0","2020-08-07","0.0",,"27.0","33.9","19.4"
"BE000006447","UCCLE, BE","50.8","4.35","104.0","2020-08-08","0.0",,"28.6","35.9","19.4"
"BE000006447","UCCLE, BE","50.8","4.35","104.0","2020-08-09","11.7",,"26.4","32.8",
"BE000006447","UCCLE, BE","50.8","4.35","104.0","2020-08-10","0.0",,"27.2","34.0","20.6"
"BE000006447","UCCLE, BE","50.8","4.35","104.0","2020-08-11","0.3",,"26.9","32.6","21.6"
"BE000006447","UCCLE, BE","50.8","4.35","104.0","2020-08-12","0.0",,"26.6","33.1","19.9"
"BE000006447","UCCLE, BE","50.8","4.35","104.0","2020-08-13","4.1",,"24.5","30.5",
"BE000006447","UCCLE, BE","50.8","4.35","104.0","2020-08-14","10.4",,"21.2","25.6","18.1"
"BE000006447","UCCLE, BE","50.8","4.35","104.0","2020-08-15","0.0",,"21.5","27.2","17.6"
"BE000006447","UCCLE, BE","50.8","4.35","104.0","2020-08-16","2.0",,"21.7","29.5","18.1"
"BE000006447","UCCLE, BE","50.8","4.35","104.0","2020-08-17","0.0",,"20.1","24.4","16.4"
"BE000006447","UCCLE, BE","50.8","4.35","104.0","2020-08-18","1.3",,"19.2","24.1","14.8"
"BE000006447","UCCLE, BE","50.8","4.35","104.0","2020-08-19","2.5",,"20.3","26.9","15.2"
"BE000006447","UCCLE, BE","50.8","4.35","104.0","2020-08-20","0.3",,"24.2","31.1","18.2"
"BE000006447","UCCLE, BE","50.8","4.35","104.0","2020-08-21","2.3",,"24.0","28.3","19.4"
"BE000006447","UCCLE, BE","50.8","4.35","104.0","2020-08-22","0.5",,"19.1","23.1",
"BE000006447","UCCLE, BE","50.8","4.35","104.0","2020-08-23","3.8",,"17.2","19.8","15.0"
"BE000006447","UCCLE, BE","50.8","4.35","104.0","2020-08-24","0.0",,"16.7","19.8","14.1"
"BE000006447","UCCLE, BE","50.8","4.35","104.0","2020-08-25","0.5",,"17.8","23.7","13.3"
"BE000006447","UCCLE, BE","50.8","4.35","104.0","2020-08-26","0.3",,"17.6","19.9",
"BE000006447","UCCLE, BE","50.8","4.35","104.0","2020-08-27","1.5",,"16.8","21.6","12.1"
"BE000006447","UCCLE, BE","50.8","4.35","104.0","2020-08-28","0.0",,"16.8","20.1",
"BE000006447","UCCLE, BE","50.8","4.35","104.0","2020-08-29","0.3",,"13.9","17.5","12.2"
"BE000006447","UCCLE, BE","50.8","4.35","104.0","2020-08-30","9.1",,"15.1","19.0","12.2"
"BE000006447","UCCLE, BE","50.8","4.35","104.0","2020-08-31","0.0",,"15.7","19.0","13.8"
"BE000006447","UCCLE, BE","50.8","4.35","104.0","2020-09-01","0.0",,"14.9","19.1","11.2"
"BE000006447","UCCLE, BE","50.8","4.35","104.0","2020-09-02","0.0",,"15.6","19.9","10.3"
"BE000006447","UCCLE, BE","50.8","4.35","104.0","2020-09-03","0.0",,"17.7","21.6","12.2"
"BE000006447","UCCLE, BE","50.8","4.35","104.0","2020-09-04","2.3",,"18.1","20.9",
"BE000006447","UCCLE, BE","50.8","4.35","104.0","2020-09-05","1.5",,"15.6","18.5",
"BE000006447","UCCLE, BE","50.8","4.35","104.0","2020-09-06","0.0",,"13.8","19.7","8.7"
"BE000006447","UCCLE, BE","50.8","4.35","104.0","2020-09-07","0.0",,"15.4","21.5","9.0"
"BE000006447","UCCLE, BE","50.8","4.35","104.0","2020-09-08","0.0",,"16.8","18.9","14.1"
"BE000006447","UCCLE, BE","50.8","4.35","104.0","2020-09-09","0.0",,"19.3","24.1","16.8"
"BE000006447","UCCLE, BE","50.8","4.35","104.0","2020-09-10","0.0",,"16.9","21.1",
"BE000006447","UCCLE, BE","50.8","4.35","104.0","2020-09-11","0.0",,"15.8","22.7","9.1"
"BE000006447","UCCLE, BE","50.8","4.35","104.0","2020-09-12","0.0",,"15.5","21.3","10.8"
"BE000006447","UCCLE, BE","50.8","4.35","104.0","2020-09-13","0.0",,"17.3","24.2","11.6"
"BE000006447","UCCLE, BE","50.8","4.35","104.0","2020-09-14","0.0",,"21.7","31.3","14.1"
"BE000006447","UCCLE, BE","50.8","4.35","104.0","2020-09-15","0.0",,"25.1","34.3","18.2"
"BE000006447","UCCLE, BE","50.8","4.35","104.0","2020-09-16","0.0",,"20.7","27.4","16.1"
"BE000006447","UCCLE, BE","50.8","4.35","104.0","2020-09-17","0.0",,"15.7","20.3","11.7"
"BE000006447","UCCLE, BE","50.8","4.35","104.0","2020-09-18","0.0",,"16.0","24.0","9.0"
"BE000006447","UCCLE, BE","50.8","4.35","104.0","2020-09-19","0.0",,"20.3","28.0","12.5"
"BE000006447","UCCLE, BE","50.8","4.35","104.0","2020-09-20","0.0",,"18.6","24.6","14.8"
"BE000006447","UCCLE, BE","50.8","4.35","104.0","2020-09-21","0.0",,"15.5","24.3","8.8"
"BE000006447","UCCLE, BE","50.8","4.35","104.0","2020-09-22","0.0",,"15.5","23.4","9.3"
"BE000006447","UCCLE, BE","50.8","4.35","104.0","2020-09-23","2.3",,"17.0","21.8","12.8"
"BE000006447","UCCLE, BE","50.8","4.35","104.0","2020-09-24","3.3",,"13.3","17.6",
"BE000006447","UCCLE, BE","50.8","4.35","104.0","2020-09-25","15.7",,"9.9","12.9","8.0"
"BE000006447","UCCLE, BE","50.8","4.35","104.0","2020-09-26","35.1",,"10.4","12.6","9.0"
"BE000006447","UCCLE, BE","50.8","4.35","104.0","2020-09-27","18.3",,"13.6","15.8","11.1"
"BE000006447","UCCLE, BE","50.8","4.35","104.0","2020-09-28","20.6",,"12.6","15.0",
"BE000006447","UCCLE, BE","50.8","4.35","104.0","2020-09-29","2.5",,"14.2","17.4",
"BE000006447","UCCLE, BE","50.8","4.35","104.0","2020-09-30","0.0",,"15.9","19.4","12.7"
"BE000006447","UCCLE, BE","50.8","4.35","104.0","2020-10-01","5.8",,"13.3",,
"BE000006447","UCCLE, BE","50.8","4.35","104.0","2020-10-02","5.1",,"11.7","14.8","8.8"
"BE000006447","UCCLE, BE","50.8","4.35","104.0","2020-10-03","4.1",,"11.9","14.2",
"BE000006447","UCCLE, BE","50.8","4.35","104.0","2020-10-04","1.0",,"11.6","14.2","9.5"
"BE000006447","UCCLE, BE","50.8","4.35","104.0","2020-10-05","5.1",,"11.9","14.5","9.1"
"BE000006447","UCCLE, BE","50.8","4.35","104.0","2020-10-06","4.8",,"12.6","15.5","10.8"
"BE000006447","UCCLE, BE","50.8","4.35","104.0","2020-10-07","0.0",,"12.3","15.1","10.5"
"BE000006447","UCCLE, BE","50.8","4.35","104.0","2020-10-08","5.3",,"13.8","16.7","10.4"
"BE000006447","UCCLE, BE","50.8","4.35","104.0","2020-10-09","1.8",,"12.3","16.0",
"BE000006447","UCCLE, BE","50.8","4.35","104.0","2020-10-10","6.9",,"9.6","13.0","6.7"
"BE000006447","UCCLE, BE","50.8","4.35","104.0","2020-10-11","2.3",,"9.1","12.8",
"BE000006447","UCCLE, BE","50.8","4.35","104.0","2020-10-12","0.3",,"10.2","14.2","7.1"
"BE000006447","UCCLE, BE","50.8","4.35","104.0","2020-10-13","1.0",,"9.4","11.1",
"BE000006447","UCCLE, BE","50.8","4.35","104.0","2020-10-14","0.0",,"8.4","11.7","5.1"
"BE000006447","UCCLE, BE","50.8","4.35","104.0","2020-10-15","0.0",,"9.3","11.5","8.0"
"BE000006447","UCCLE, BE","50.8","4.35","104.0","2020-10-16","0.0",,"9.1","10.7",
"BE000006447","UCCLE, BE","50.8","4.35","104.0","2020-10-17","0.0",,"7.9","11.5","4.4"
"BE000006447","UCCLE, BE","50.8","4.35","104.0","2020-10-18","0.0",,"9.4","12.1","7.6"
"BE000006447","UCCLE, BE","50.8","4.35","104.0","2020-10-19","0.0",,"10.1","14.3",
"BE000006447","UCCLE, BE","50.8","4.35","104.0","2020-10-20","0.5",,"12.7","15.8","6.4"
"BE000006447","UCCLE, BE","50.8","4.35","104.0","2020-10-21","6.1",,"15.9","20.8","12.0"
"BE000006447","UCCLE, BE","50.8","4.35","104.0","2020-10-22","0.8",,"14.3","17.2",
"BE000006447","UCCLE, BE","50.8","4.35","104.0","2020-10-23","0.0",,"14.1","17.5","11.5"
"BE000006447","UCCLE, BE","50.8","4.35","104.0","2020-10-24","0.5",,"13.7","15.3","11.6"
"BE000006447","UCCLE, BE","50.8","4.35","104.0","2020-10-25","11.2",,"11.8",,
"BE000006447","UCCLE, BE","50.8","4.35","104.0","2020-10-26","0.0",,"10.2","13.3","8.6"
"BE000006447","UCCLE, BE","50.8","4.35","104.0","2020-10-27","2.5",,"9.8",,"7.6"
"BE000006447","UCCLE, BE","50.8","4.35","104.0","2020-10-28","4.6",,"11.1","13.0",
"BE000006447","UCCLE, BE","50.8","4.35","104.0","2020-10-29","2.8",,"11.0",,"7.8"
"BE000006447","UCCLE, BE","50.8","4.35","104.0","2020-10-30","0.3",,"14.1","15.3","11.5"
"BE000006447","UCCLE, BE","50.8","4.35","104.0","2020-10-31","2.8",,"13.7","16.9",
"BE000006447","UCCLE, BE","50.8","4.35","104.0","2020-11-01","3.3",,"14.5","17.8","10.3"
"BE000006447","UCCLE, BE","50.8","4.35","104.0","2020-11-02","7.4",,"15.6","19.1",
"BE000006447","UCCLE, BE","50.8","4.35","104.0","2020-11-03","0.3",,"8.9","12.2",
"BE000006447","UCCLE, BE","50.8","4.35","104.0","2020-11-04","0.0",,"6.3","11.1",
"BE000006447","UCCLE, BE","50.8","4.35","104.0","2020-11-05","0.0",,"5.7","11.9","1.9"
"BE000006447","UCCLE, BE","50.8","4.35","104.0","2020-11-06","0.0",,"6.2","12.5","2.2"
"BE000006447","UCCLE, BE","50.8","4.35","104.0","2020-11-07","0.0",,"9.9","17.1","3.5"
"BE000006447","UCCLE, BE","50.8","4.35","104.0","2020-11-08","0.0",,"12.9","18.5","8.9"
"BE000006447","UCCLE, BE","50.8","4.35","104.0","2020-11-09","0.0",,"12.4","15.6",
"BE000006447","UCCLE, BE","50.8","4.35","104.0","2020-11-10","7.1",,"11.4","13.9",
"BE000006447","UCCLE, BE","50.8","4.35","104.0","2020-11-11","0.0",,"11.1","13.5","9.1"
"BE000006447","UCCLE, BE","50.8","4.35","104.0","2020-11-12","3.6",,"10.6","12.2",
"BE000006447","UCCLE, BE","50.8","4.35","104.0","2020-11-13","0.0",,"10.8","14.0","6.3"
"BE000006447","UCCLE, BE","50.8","4.35","104.0","2020-11-14","0.0",,"13.2","15.2",
"BE000006447","UCCLE, BE","50.8","4.35","104.0","2020-11-15","7.4",,"12.8","15.0",
"BE000006447","UCCLE, BE","50.8","4.35","104.0","2020-11-16","1.5",,"10.1",,"7.8"
"BE000006447","UCCLE, BE","50.8","4.35","104.0","2020-11-17","0.0",,"11.4","12.8","9.8"
"BE000006447","UCCLE, BE","50.8","4.35","104.0","2020-11-18","0.0",,"12.6","16.3","8.8"
"BE000006447","UCCLE, BE","50.8","4.35","104.0","2020-11-19","2.0",,"8.7",,
"BE000006447","UCCLE, BE","50.8","4.35","104.0","2020-11-20","0.0",,"4.3","8.0",
"BE000006447","UCCLE, BE","50.8","4.35","104.0","2020-11-21","0.0",,"7.9","10.1","3.2"
"BE000006447","UCCLE, BE","50.8","4.35","104.0","2020-11-22","2.0",,"8.8","9.1","8.4"
"BE000006447","UCCLE, BE","50.8","4.35","104.0","2020-11-23","0.0",,"8.4","10.3",
"BE000006447","UCCLE, BE","50.8","4.35","104.0","2020-11-24","0.0",,"8.3","11.1",
"BE000006447","UCCLE, BE","50.8","4.35","104.0","2020-11-25","0.0",,"7.2","10.1","4.3"
"BE000006447","UCCLE, BE","50.8","4.35","104.0","2020-11-26","0.0",,"8.5","12.1",
"BE000006447","UCCLE, BE","50.8","4.35","104.0","2020-11-27","0.0",,"7.1","8.8","5.7"
"BE000006447","UCCLE, BE","50.8","4.35","104.0","2020-11-28","0.0",,"6.8","12.8",
"BE000006447","UCCLE, BE","50.8","4.35","104.0","2020-11-29","0.0",,"2.3",,
"BE000006447","UCCLE, BE","50.8","4.35","104.0","2020-11-30","5.6",,"1.7",,"-1.5"
"BE000006447","UCCLE, BE","50.8","4.35","104.0","2020-12-01","6.9",,"7.3","9.0","3.5"
"BE000006447","UCCLE, BE","50.8","4.35","104.0","2020-12-02","0.0",,"6.4",,
"BE000006447","UCCLE, BE","50.8","4.35","104.0","2020-12-03","3.8",,"5.4",,
"BE000006447","UCCLE, BE","50.8","4.35","104.0","2020-12-04","1.5",,"5.3",,
"BE000006447","UCCLE, BE","50.8","4.35","104.0","2020-12-05","0.0",,"2.6","4.9",
"BE000006447","UCCLE, BE","50.8","4.35","104.0","2020-12-06","0.0",,"1.1","3.7","-0.9"
"BE000006447","UCCLE, BE","50.8","4.35","104.0","2020-12-07","0.0",,"1.1",,
"BE000006447","UCCLE, BE","50.8","4.35","104.0","2020-12-08","0.0",,"2.1","5.7",
"BE000006447","UCCLE, BE","50.8","4.35","104.0","2020-12-09","0.0",,"1.6","3.2",
"BE000006447","UCCLE, BE","50.8","4.35","104.0","2020-12-10","0.0",,"2.7","5.4",
"BE000006447","UCCLE, BE","50.8","4.35","104.0","2020-12-11","5.1",,"4.3",,"0.9"
"BE000006447","UCCLE, BE","50.8","4.35","104.0","2020-12-12","2.3",,"7.7","8.5","6.6"
"BE000006447","UCCLE, BE","50.8","4.35","104.0","2020-12-13","1.0",,"6.3",,
"BE000006447","UCCLE, BE","50.8","4.35","104.0","2020-12-14","4.8",,"9.3","11.1","6.2"
"BE000006447","UCCLE, BE","50.8","4.35","104.0","2020-12-15","4.3",,"8.7","10.2",
"BE000006447","UCCLE, BE","50.8","4.35","104.0","2020-12-16","0.0",,"8.3","10.8","5.8"
"BE000006447","UCCLE, BE","50.8","4.35","104.0","2020-12-17","3.0",,"9.1","10.4",
"BE000006447","UCCLE, BE","50.8","4.35","104.0","2020-12-18","0.0",,"8.7","11.6","6.4"
"BE000006447","UCCLE, BE","50.8","4.35","104.0","2020-12-19","0.3",,"9.1","11.4","7.1"
"BE000006447","UCCLE, BE","50.8","4.35","104.0","2020-12-20","0.0",,"8.8","10.2",
"BE000006447","UCCLE, BE","50.8","4.35","104.0","2020-12-21","3.8",,"8.6",,"6.0"
"BE000006447","UCCLE, BE","50.8","4.35","104.0","2020-12-22","4.8",,"12.6",,"9.9"
"BE000006447","UCCLE, BE","50.8","4.35","104.0","2020-12-23","9.9",,"11.6","12.5",
"BE000006447","UCCLE, BE","50.8","4.35","104.0","2020-12-24","4.3",,"5.6",,
"BE000006447","UCCLE, BE","50.8","4.35","104.0","2020-12-25","0.0",,"3.2","5.6","1.1"
"BE000006447","UCCLE, BE","50.8","4.35","104.0","2020-12-26","0.8",,"3.3","5.1",
"BE000006447","UCCLE, BE","50.8","4.35","104.0","2020-12-27","16.0",,"4.8","5.6","3.9"
"BE000006447","UCCLE, BE","50.8","4.35","104.0","2020-12-28","0.3",,"2.9","5.0",
"BE000006447","UCCLE, BE","50.8","4.35","104.0","2020-12-29","0.3",,"2.7","4.5","0.3"
"BE000006447","UCCLE, BE","50.8","4.35","104.0","2020-12-30","6.1",,"2.9","5.0","0.5"
"BE000006447","UCCLE, BE","50.8","4.35","104.0","2020-12-31","2.5",,"2.6","3.5",
"BE000006447","UCCLE, BE","50.8","4.35","104.0","2021-01-01","0.0",,"1.6","4.1",
"BE000006447","UCCLE, BE","50.8","4.35","104.0","2021-01-02","0.0",,"2.1","3.4","-0.2"
"BE000006447","UCCLE, BE","50.8","4.35","104.0","2021-01-03","0.0",,"2.7","3.2",
"BE000006447","UCCLE, BE","50.8","4.35","104.0","2021-01-04","1.8",,"1.9",,"1.5"
"BE000006447","UCCLE, BE","50.8","4.35","104.0","2021-01-05","0.0",,"2.0","2.5","1.6"
"BE000006447","UCCLE, BE","50.8","4.35","104.0","2021-01-06","0.3",,"2.3","2.9",
"BE000006447","UCCLE, BE","50.8","4.35","104.0","2021-01-07","2.8",,"1.6","3.5",
"BE000006447","UCCLE, BE","50.8","4.35","104.0","2021-01-08","0.3",,"1.5","3.3",
"BE000006447","UCCLE, BE","50.8","4.35","104.0","2021-01-09","0.0",,"-1.4","-0.1","-3.0"
"BE000006447","UCCLE, BE","50.8","4.35","104.0","2021-01-10","0.0",,"-0.3","2.9","-1.8"
"BE000006447","UCCLE, BE","50.8","4.35","104.0","2021-01-11","0.8",,"3.2",,"-1.4"
"BE000006447","UCCLE, BE","50.8","4.35","104.0","2021-01-12","26.2",,"5.3","8.0",
"BE000006447","UCCLE, BE","50.8","4.35","104.0","2021-01-13","1.0",,"2.3","4.3","-0.6"
"BE000006447","UCCLE, BE","50.8","4.35","104.0","2021-01-14","9.9",,"1.4",,
"BE000006447","UCCLE, BE","50.8","4.35","104.0","2021-01-15","0.0",,"0.6","1.9","-0.9"
"BE000006447","UCCLE, BE","50.8","4.35","104.0","2021-01-16","3.0",,"-0.1","0.5",
"BE000006447","UCCLE, BE","50.8","4.35","104.0","2021-01-17","2.8",,"3.6","6.1","-0.6"
"BE000006447","UCCLE, BE","50.8","4.35","104.0","2021-01-18","1.0",,"3.9","5.6","1.7"
"BE000006447","UCCLE, BE","50.8","4.35","104.0","2021-01-19","8.1",,"5.9","7.7","3.8"
"BE000006447","UCCLE, BE","50.8","4.35","104.0","2021-01-20","1.3",,"8.5",,"5.8"
"BE000006447","UCCLE, BE","50.8","4.35","104.0","2021-01-21","12.4",,"7.6",,"5.4"
"BE000006447","UCCLE, BE","50.8","4.35","104.0","2021-01-22","3.0",,"4.1","7.2",
"BE000006447","UCCLE, BE","50.8","4.35","104.0","2021-01-23","2.8",,"3.3","5.3",
"BE000006447","UCCLE, BE","50.8","4.35","104.0","2021-01-24","1.8",,"1.1","2.2",
"BE000006447","UCCLE, BE","50.8","4.35","104.0","2021-01-25","1.0",,"2.2","4.8","0.7"
"BE000006447","UCCLE, BE","50.8","4.35","104.0","2021-01-26","0.0",,"2.7","5.6",
"BE000006447","UCCLE, BE","50.8","4.35","104.0","2021-01-27","2.8",,"3.3",,"0.4"
"BE000006447","UCCLE, BE","50.8","4.35","104.0","2021-01-28","17.0",,"8.7","10.8","5.3"
"BE000006447","UCCLE, BE","50.8","4.35","104.0","2021-01-29","14.5",,"8.9",,
"BE000006447","UCCLE, BE","50.8","4.35","104.0","2021-01-30","11.9",,"2.9",,
"BE000006447","UCCLE, BE","50.8","4.35","104.0","2021-01-31","4.6",,"0.8",,
"BE000006447","UCCLE, BE","50.8","4.35","104.0","2021-02-01","2.3",,"3.7","4.6","2.3"
"BE000006447","UCCLE, BE","50.8","4.35","104.0","2021-02-02","6.1",,"8.0","11.0","3.6"
"BE000006447","UCCLE, BE","50.8","4.35","104.0","2021-02-03","14.5",,"9.4","12.2",
"BE000006447","UCCLE, BE","50.8","4.35","104.0","2021-02-04","0.0",,"7.6","9.9",
"BE000006447","UCCLE, BE","50.8","4.35","104.0","2021-02-05","0.0",,"8.0","10.0",
"BE000006447","UCCLE, BE","50.8","4.35","104.0","2021-02-06","9.7",,"5.4","8.2",
"BE000006447","UCCLE, BE","50.8","4.35","104.0","2021-02-07","4.3",,"-1.8",,
"BE000006447","UCCLE, BE","50.8","4.35","104.0","2021-02-08","2.3",,"-5.3",,
"BE000006447","UCCLE, BE","50.8","4.35","104.0","2021-02-09","0.0",,"-5.9","-2.3",
"BE000006447","UCCLE, BE","50.8","4.35","104.0","2021-02-10","0.0",,"-7.3",,"-8.6"
"BE000006447","UCCLE, BE","50.8","4.35","104.0","2021-02-13","0.0",,"-1.2","1.5",
"BE000006447","UCCLE, BE","50.8","4.35","104.0","2021-02-14","0.0",,"0.2","5.5","-6.0"
"BE000006447","UCCLE, BE","50.8","4.35","104.0","2021-02-15","2.8",,"4.3",,"2.0"
"BE000006447","UCCLE, BE","50.8","4.35","104.0","2021-02-16","2.8",,"9.1","13.9","5.5"
"BE000006447","UCCLE, BE","50.8","4.35","104.0","2021-02-17","0.0",,"9.4","12.2","7.4"
"BE000006447","UCCLE, BE","50.8","4.35","104.0","2021-02-18","4.3",,"8.0","11.6",
"BE000006447","UCCLE, BE","50.8","4.35","104.0","2021-02-19",,,"5.0",,"3.4"
"BE000006447","UCCLE, BE","50.8","4.35","104.0","2021-02-20",,,"14.8",,
"BE000006447","UCCLE, BE","50.8","4.35","104.0","2021-02-21","0.0",,"12.8","17.9",
"BE000006447","UCCLE, BE","50.8","4.35","104.0","2021-02-22","0.0",,"13.5","16.7","9.2"
"BE000006447","UCCLE, BE","50.8","4.35","104.0","2021-02-23","0.0",,"14.7","17.9","12.1"
"BE000006447","UCCLE, BE","50.8","4.35","104.0","2021-02-24","0.0",,"14.7","18.7",
"BE000006447","UCCLE, BE","50.8","4.35","104.0","2021-02-25","2.5",,"12.6","18.1",
"BE000006447","UCCLE, BE","50.8","4.35","104.0","2021-02-26","1.3",,"7.7","10.5",
"BE000006447","UCCLE, BE","50.8","4.35","104.0","2021-02-27","0.0",,"3.7","6.2","1.0"
"BE000006447","UCCLE, BE","50.8","4.35","104.0","2021-02-28","0.0",,"6.2","11.9","1.9"
"BE000006447","UCCLE, BE","50.8","4.35","104.0","2021-03-01","0.0",,"5.9","11.8",
"BE000006447","UCCLE, BE","50.8","4.35","104.0","2021-03-02","0.0",,"9.1","17.2","2.7"
"BE000006447","UCCLE, BE","50.8","4.35","104.0","2021-03-03","0.0",,"11.0","16.3","6.9"
"BE000006447","UCCLE, BE","50.8","4.35","104.0","2021-03-04","12.7",,"5.7",,
"BE000006447","UCCLE, BE","50.8","4.35","104.0","2021-03-05","0.0",,"3.1","6.4",
"BE000006447","UCCLE, BE","50.8","4.35","104.0","2021-03-06","0.0",,"2.4","7.3","-2.6"
"BE000006447","UCCLE, BE","50.8","4.35","104.0","2021-03-07","0.0",,"2.4","6.2",
"BE000006447","UCCLE, BE","50.8","4.35","104.0","2021-03-08","0.0",,"4.7","8.4",
"BE000006447","UCCLE, BE","50.8","4.35","104.0","2021-03-09","2.0",,"5.4","7.3","3.3"
"BE000006447","UCCLE, BE","50.8","4.35","104.0","2021-03-10","1.3",,"6.4","10.1","3.1"
"BE000006447","UCCLE, BE","50.8","4.35","104.0","2021-03-11","1.0",,"9.6","13.0","5.9"
"BE000006447","UCCLE, BE","50.8","4.35","104.0","2021-03-12","0.0",,"6.9","8.6","5.1"
"BE000006447","UCCLE, BE","50.8","4.35","104.0","2021-03-13","6.6",,"7.2","9.9",
"BE000006447","UCCLE, BE","50.8","4.35","104.0","2021-03-14","3.8",,"5.8","9.2","2.4"
"BE000006447","UCCLE, BE","50.8","4.35","104.0","2021-03-15","3.0",,"6.3","8.5","5.1"
"BE000006447","UCCLE, BE","50.8","4.35","104.0","2021-03-16","7.6",,"5.3",,"4.8"
"BE000006447","UCCLE, BE","50.8","4.35","104.0","2021-03-17","1.0",,"5.6","7.9","4.0"
"BE000006447","UCCLE, BE","50.8","4.35","104.0","2021-03-18","0.3",,"4.9","6.7","3.1"
"BE000006447","UCCLE, BE","50.8","4.35","104.0","2021-03-19","0.0",,"5.1","8.7",
"BE000006447","UCCLE, BE","50.8","4.35","104.0","2021-03-20","0.0","10.0","4.9","9.1",
"BE000006447","UCCLE, BE","50.8","4.35","104.0","2021-03-21","0.0",,"6.2","7.7","4.7"
"BE000006447","UCCLE, BE","50.8","4.35","104.0","2021-03-22","0.0",,"6.0","7.7","4.2"
"BE000006447","UCCLE, BE","50.8","4.35","104.0","2021-03-23","0.0",,"8.0","12.5","4.6"
"BE000006447","UCCLE, BE","50.8","4.35","104.0","2021-03-24","0.0",,"9.7","15.5","3.6"
"BE000006447","UCCLE, BE","50.8","4.35","104.0","2021-03-25","0.0",,"8.7","11.9","6.1"
"BE000006447","UCCLE, BE","50.8","4.35","104.0","2021-03-26","2.8",,"8.9","12.9",
"BE000006447","UCCLE, BE","50.8","4.35","104.0","2021-03-27","1.5",,"6.8","10.2","3.5"
"BE000006447","UCCLE, BE","50.8","4.35","104.0","2021-03-28","0.0",,"10.3","13.8","6.1"
"BE000006447","UCCLE, BE","50.8","4.35","104.0","2021-03-29","0.0",,"13.8","19.6","9.8"
"BE000006447","UCCLE, BE","50.8","4.35","104.0","2021-03-30","0.0",,"15.6","23.9","7.6"
"BE000006447","UCCLE, BE","50.8","4.35","104.0","2021-03-31","0.0",,"16.8","23.9","10.1"
"BE000006447","UCCLE, BE","50.8","4.35","104.0","2021-04-01","0.0",,"14.3","21.0",
"BE000006447","UCCLE, BE","50.8","4.35","104.0","2021-04-02","0.0",,"6.4","9.9","3.2"
"BE000006447","UCCLE, BE","50.8","4.35","104.0","2021-04-03","0.0",,"7.1","10.9",
"BE000006447","UCCLE, BE","50.8","4.35","104.0","2021-04-04","0.0",,"5.9",,"4.1"
"BE000006447","UCCLE, BE","50.8","4.35","104.0","2021-04-05","4.8",,"3.3","6.8",
"BE000006447","UCCLE, BE","50.8","4.35","104.0","2021-04-06","8.9","10.0","0.8","5.6",
"BE000006447","UCCLE, BE","50.8","4.35","104.0","2021-04-07","1.0","41.0","2.1","5.8","-0.8"
"BE000006447","UCCLE, BE","50.8","4.35","104.0","2021-04-08","0.0","10.0","4.9","8.9","-0.3"
"BE000006447","UCCLE, BE","50.8","4.35","104.0","2021-04-09","0.0",,"8.8","13.7","2.9"
"BE000006447","UCCLE, BE","50.8","4.35","104.0","2021-04-10","18.3",,"7.1","8.8",
"BE000006447","UCCLE, BE","50.8","4.35","104.0","2021-04-11","0.8",,"4.3","8.2",
"BE000006447","UCCLE, BE","50.8","4.35","104.0","2021-04-12","1.3","10.0","2.9","7.0","-0.5"
"BE000006447","UCCLE, BE","50.8","4.35","104.0","2021-04-13","0.0",,"4.3","10.3","-2.2"
"BE000006447","UCCLE, BE","50.8","4.35","104.0","2021-04-14","0.0",,"5.4","9.0","1.2"
"BE000006447","UCCLE, BE","50.8","4.35","104.0","2021-04-15","0.0","10.0","5.2","9.2","0.9"
"BE000006447","UCCLE, BE","50.8","4.35","104.0","2021-04-16","0.0","10.0","6.7","10.6","1.8"
"BE000006447","UCCLE, BE","50.8","4.35","104.0","2021-04-17","0.0",,"7.8","12.4","3.1"
"BE000006447","UCCLE, BE","50.8","4.35","104.0","2021-04-18","0.0",,"8.8","14.0","2.9"
"BE000006447","UCCLE, BE","50.8","4.35","104.0","2021-04-19","0.0",,"8.4","13.8","3.8"
"BE000006447","UCCLE, BE","50.8","4.35","104.0","2021-04-20","0.0",,"11.2","16.5","4.8"
"BE000006447","UCCLE, BE","50.8","4.35","104.0","2021-04-21","0.0",,"11.3","16.4",
"BE000006447","UCCLE, BE","50.8","4.35","104.0","2021-04-22","0.0",,"8.1","13.1","2.8"
"BE000006447","UCCLE, BE","50.8","4.35","104.0","2021-04-23","0.0",,"9.1","15.2","2.4"
"BE000006447","UCCLE, BE","50.8","4.35","104.0","2021-04-24","0.0",,"9.7","14.5","4.4"
"BE000006447","UCCLE, BE","50.8","4.35","104.0","2021-04-25","0.0",,"7.8","12.5","3.2"
"BE000006447","UCCLE, BE","50.8","4.35","104.0","2021-04-26","0.0",,"8.9","14.7","2.5"
"BE000006447","UCCLE, BE","50.8","4.35","104.0","2021-04-27","0.0",,"11.1","17.3","4.2"
"BE000006447","UCCLE, BE","50.8","4.35","104.0","2021-04-28","0.0",,"13.1","19.1","6.2"
"BE000006447","UCCLE, BE","50.8","4.35","104.0","2021-04-29","0.5",,"7.4",,
"BE000006447","UCCLE, BE","50.8","4.35","104.0","2021-04-30","0.0","10.0","6.6","10.7","1.2"
"BE000006447","UCCLE, BE","50.8","4.35","104.0","2021-05-01","0.0","10.0","7.1","12.7","1.0"
"BE000006447","UCCLE, BE","50.8","4.35","104.0","2021-05-02","1.5",,"7.0","11.1","2.9"
"BE000006447","UCCLE, BE","50.8","4.35","104.0","2021-05-03","0.0",,"9.4","14.4","1.4"
"BE000006447","UCCLE, BE","50.8","4.35","104.0","2021-05-04","3.3",,"10.0","13.0",
"BE000006447","UCCLE, BE","50.8","4.35","104.0","2021-05-05","1.5",,"7.5","11.7","4.9"
"BE000006447","UCCLE, BE","50.8","4.35","104.0","2021-05-06","1.5",,"7.2","11.0","4.1"
"BE000006447","UCCLE, BE","50.8","4.35","104.0","2021-05-07","0.3",,"8.0","13.2","3.2"
"BE000006447","UCCLE, BE","50.8","4.35","104.0","2021-05-08","0.5",,"12.3","18.1","5.7"
"BE000006447","UCCLE, BE","50.8","4.35","104.0","2021-05-09","1.3",,"18.9","25.6","12.7"
"BE000006447","UCCLE, BE","50.8","4.35","104.0","2021-05-10","0.8",,"16.3","19.1",
"BE000006447","UCCLE, BE","50.8","4.35","104.0","2021-05-11","3.6",,"13.2","18.5","8.9"
"BE000006447","UCCLE, BE","50.8","4.35","104.0","2021-05-12","0.5",,"12.2","16.9","7.5"
"BE000006447","UCCLE, BE","50.8","4.35","104.0","2021-05-13","3.0",,"11.5","15.8","7.2"
"BE000006447","UCCLE, BE","50.8","4.35","104.0","2021-05-14","4.3",,"11.6","16.9","6.5"
"BE000006447","UCCLE, BE","50.8","4.35","104.0","2021-05-15","5.6",,"10.7","13.5","8.1"
"BE000006447","UCCLE, BE","50.8","4.35","104.0","2021-05-16","3.3",,"11.4","15.4","8.2"
"BE000006447","UCCLE, BE","50.8","4.35","104.0","2021-05-17","15.2",,"11.1","15.1",
"BE000006447","UCCLE, BE","50.8","4.35","104.0","2021-05-18","5.6",,"11.8","16.6",
"BE000006447","UCCLE, BE","50.8","4.35","104.0","2021-05-19","0.0",,"10.4","14.3","7.1"
"BE000006447","UCCLE, BE","50.8","4.35","104.0","2021-05-20","0.0",,"11.6","14.7","5.8"
"BE000006447","UCCLE, BE","50.8","4.35","104.0","2021-05-21","0.8",,"13.1","16.8",
"BE000006447","UCCLE, BE","50.8","4.35","104.0","2021-05-22","13.0",,"10.3","11.6",
"BE000006447","UCCLE, BE","50.8","4.35","104.0","2021-05-23","1.0",,"11.9","15.4","7.4"
"BE000006447","UCCLE, BE","50.8","4.35","104.0","2021-05-24","9.9",,"10.7","15.9",
"BE000006447","UCCLE, BE","50.8","4.35","104.0","2021-05-25","9.4",,"10.0","13.1","6.9"
"BE000006447","UCCLE, BE","50.8","4.35","104.0","2021-05-26","0.5",,"11.1","14.5","7.8"
"BE000006447","UCCLE, BE","50.8","4.35","104.0","2021-05-27","0.0",,"11.8","15.3",
"BE000006447","UCCLE, BE","50.8","4.35","104.0","2021-05-28","0.0",,"12.8","18.6","6.3"
"BE000006447","UCCLE, BE","50.8","4.35","104.0","2021-05-29","0.0",,"15.8","20.7","10.1"
"BE000006447","UCCLE, BE","50.8","4.35","104.0","2021-05-30","0.0",,"16.2","21.7","9.8"
"BE000006447","UCCLE, BE","50.8","4.35","104.0","2021-05-31","0.0",,"18.0","23.1","11.3"
"BE000006447","UCCLE, BE","50.8","4.35","104.0","2021-06-01","0.0",,"19.0","25.2","11.4"
"BE000006447","UCCLE, BE","50.8","4.35","104.0","2021-06-02","0.0",,"20.8","28.2","11.7"
"BE000006447","UCCLE, BE","50.8","4.35","104.0","2021-06-03","0.0",,"20.6","25.2","16.9"
"BE000006447","UCCLE, BE","50.8","4.35","104.0","2021-06-04","34.0",,"19.1","25.1","15.4"
"BE000006447","UCCLE, BE","50.8","4.35","104.0","2021-06-05","1.5",,"14.2",,
"BE000006447","UCCLE, BE","50.8","4.35","104.0","2021-06-06","0.0",,"16.3","21.5","9.3"
"BE000006447","UCCLE, BE","50.8","4.35","104.0","2021-06-07","0.0",,"17.7","22.7","12.2"
"BE000006447","UCCLE, BE","50.8","4.35","104.0","2021-06-08","0.0",,"19.4","24.5","12.9"
"BE000006447","UCCLE, BE","50.8","4.35","104.0","2021-06-09","0.0",,"20.5","24.7","12.9"
"BE000006447","UCCLE, BE","50.8","4.35","104.0","2021-06-10","0.0",,"20.1","25.0","13.5"
"BE000006447","UCCLE, BE","50.8","4.35","104.0","2021-06-11","0.0",,"19.9","24.7","14.0"
"BE000006447","UCCLE, BE","50.8","4.35","104.0","2021-06-12","0.0",,"17.4","21.8","14.5"
"BE000006447","UCCLE, BE","50.8","4.35","104.0","2021-06-13","0.0",,"17.4","23.4","10.2"
"BE000006447","UCCLE, BE","50.8","4.35","104.0","2021-06-14","0.0",,"21.3","27.5","12.9"
"BE000006447","UCCLE, BE","50.8","4.35","104.0","2021-06-15","0.0",,"21.0","25.0","16.5"
"BE000006447","UCCLE, BE","50.8","4.35","104.0","2021-06-16","0.0",,"23.4","29.2","17.1"
"BE000006447","UCCLE, BE","50.8","4.35","104.0","2021-06-17","0.0",,"24.8","27.9","21.0"
"BE000006447","UCCLE, BE","50.8","4.35","104.0","2021-06-18","7.4",,"23.9","29.6","19.1"
"BE000006447","UCCLE, BE","50.8","4.35","104.0","2021-06-19","4.1",,"19.1","21.3","17.0"
"BE000006447","UCCLE, BE","50.8","4.35","104.0","2021-06-20","1.8",,"19.9","23.8","16.5"
"BE000006447","UCCLE, BE","50.8","4.35","104.0","2021-06-21","22.9",,"16.2",,
"BE000006447","UCCLE, BE","50.8","4.35","104.0","2021-06-22","3.6",,"13.5","15.0",
"BE000006447","UCCLE, BE","50.8","4.35","104.0","2021-06-23","0.5",,"13.9","16.6","11.1"
"BE000006447","UCCLE, BE","50.8","4.35","104.0","2021-06-24","0.0",,"16.0","18.3",
"BE000006447","UCCLE, BE","50.8","4.35","104.0","2021-06-25","1.5",,"15.1","19.2","10.9"
"BE000006447","UCCLE, BE","50.8","4.35","104.0","2021-06-26","0.0",,"18.7","22.3",
"BE000006447","UCCLE, BE","50.8","4.35","104.0","2021-06-27","5.8",,"19.8","24.6","16.0"
"BE000006447","UCCLE, BE","50.8","4.35","104.0","2021-06-28","0.0",,"19.3","22.7","15.9"
"BE000006447","UCCLE, BE","50.8","4.35","104.0","2021-06-29","7.6",,"17.9","22.5",
"BE000006447","UCCLE, BE","50.8","4.35","104.0","2021-06-30","30.5",,"13.5","14.9",
"BE000006447","UCCLE, BE","50.8","4.35","104.0","2021-07-01","0.0",,"14.2","18.2",
"BE000006447","UCCLE, BE","50.8","4.35","104.0","2021-07-02","0.0",,"17.9","22.8","11.4"
"BE000006447","UCCLE, BE","50.8","4.35","104.0","2021-07-03","10.4",,"18.2","23.5","15.2"
"BE000006447","UCCLE, BE","50.8","4.35","104.0","2021-07-04","10.9",,"17.2","20.0",
"BE000006447","UCCLE, BE","50.8","4.35","104.0","2021-07-05","2.8",,"17.1","20.4","13.8"
"BE000006447","UCCLE, BE","50.8","4.35","104.0","2021-07-06","2.0",,"17.4",,
"BE000006447","UCCLE, BE","50.8","4.35","104.0","2021-07-07","1.0",,"17.8","22.3","14.0"
"BE000006447","UCCLE, BE","50.8","4.35","104.0","2021-07-08","0.0",,"18.2","22.2","13.7"
"BE000006447","UCCLE, BE","50.8","4.35","104.0","2021-07-09","0.0",,"17.4","21.3",
"BE000006447","UCCLE, BE","50.8","4.35","104.0","2021-07-10","15.0",,"16.9","21.9","14.0"
"BE000006447","UCCLE, BE","50.8","4.35","104.0","2021-07-11","0.0",,"16.7","21.1","12.4"
"BE000006447","UCCLE, BE","50.8","4.35","104.0","2021-07-12","1.0",,"18.6","22.3","15.2"
"BE000006447","UCCLE, BE","50.8","4.35","104.0","2021-07-13","20.6",,"17.1","20.5","15.3"
"BE000006447","UCCLE, BE","50.8","4.35","104.0","2021-07-14","1.5",,"15.8",,"15.1"
"BE000006447","UCCLE, BE","50.8","4.35","104.0","2021-07-15","58.9",,"15.9",,
"BE000006447","UCCLE, BE","50.8","4.35","104.0","2021-07-16","0.8",,"16.2","18.9","14.5"
"BE000006447","UCCLE, BE","50.8","4.35","104.0","2021-07-17","0.0",,"19.5","25.2","13.1"
"BE000006447","UCCLE, BE","50.8","4.35","104.0","2021-07-18","0.0",,"21.3","26.5","14.9"
"BE000006447","UCCLE, BE","50.8","4.35","104.0","2021-07-19","0.0",,"20.0","24.5","15.1"
"BE000006447","UCCLE, BE","50.8","4.35","104.0","2021-07-20","0.0",,"19.6","24.4","14.5"
"BE000006447","UCCLE, BE","50.8","4.35","104.0","2021-07-21","0.0",,"19.9","25.1","13.7"
"BE000006447","UCCLE, BE","50.8","4.35","104.0","2021-07-22","0.0",,"20.1","24.5","14.7"
"BE000006447","UCCLE, BE","50.8","4.35","104.0","2021-07-23","0.0",,"19.5","24.6","13.7"
"BE000006447","UCCLE, BE","50.8","4.35","104.0","2021-07-24","2.8",,"18.9","24.8",
"BE000006447","UCCLE, BE","50.8","4.35","104.0","2021-07-25","20.8",,"18.9","23.9","15.3"
"BE000006447","UCCLE, BE","50.8","4.35","104.0","2021-07-26","1.8",,"18.1","21.3","15.8"
"BE000006447","UCCLE, BE","50.8","4.35","104.0","2021-07-27","0.5",,"18.0","21.4","15.4"
"BE000006447","UCCLE, BE","50.8","4.35","104.0","2021-07-28","0.0",,"17.9","20.7","15.8"
"BE000006447","UCCLE, BE","50.8","4.35","104.0","2021-07-29","0.0",,"17.3","20.9","14.3"
"BE000006447","UCCLE, BE","50.8","4.35","104.0","2021-07-30","0.0",,"17.6","21.8","12.5"
"BE000006447","UCCLE, BE","50.8","4.35","104.0","2021-07-31","15.5",,"16.1","19.9",
"BE000006447","UCCLE, BE","50.8","4.35","104.0","2021-08-01","7.6",,"15.0","18.6","12.6"
"BE000006447","UCCLE, BE","50.8","4.35","104.0","2021-08-02","11.7",,"15.7","19.7",
"BE000006447","UCCLE, BE","50.8","4.35","104.0","2021-08-03","11.4",,"16.3","20.7","12.5"
"BE000006447","UCCLE, BE","50.8","4.35","104.0","2021-08-04","0.3",,"17.1","21.3","12.8"
"BE000006447","UCCLE, BE","50.8","4.35","104.0","2021-08-05","0.0",,"19.0","23.3","15.1"
"BE000006447","UCCLE, BE","50.8","4.35","104.0","2021-08-06","8.6",,"18.0","20.6",
"BE000006447","UCCLE, BE","50.8","4.35","104.0","2021-08-07","1.5",,"16.4","20.4","13.6"
"BE000006447","UCCLE, BE","50.8","4.35","104.0","2021-08-08","5.8",,"15.7","19.3","14.0"
"BE000006447","UCCLE, BE","50.8","4.35","104.0","2021-08-09","9.4",,"16.1","19.7","13.8"
"BE000006447","UCCLE, BE","50.8","4.35","104.0","2021-08-10","10.9",,"16.8","21.6","13.4"
"BE000006447","UCCLE, BE","50.8","4.35","104.0","2021-08-11","0.0",,"17.3","22.0","12.8"
"BE000006447","UCCLE, BE","50.8","4.35","104.0","2021-08-12","0.0",,"19.7","25.4","14.4"
"BE000006447","UCCLE, BE","50.8","4.35","104.0","2021-08-13","0.0",,"19.2","23.8",
"BE000006447","UCCLE, BE","50.8","4.35","104.0","2021-08-14","0.0",,"18.3","24.1","12.6"
"BE000006447","UCCLE, BE","50.8","4.35","104.0","2021-08-15","0.0",,"20.1","27.0","14.7"
"BE000006447","UCCLE, BE","50.8","4.35","104.0","2021-08-16","6.9",,"14.7","17.6",
"BE000006447","UCCLE, BE","50.8","4.35","104.0","2021-08-17","4.3",,"13.4","15.4","11.1"
"BE000006447","UCCLE, BE","50.8","4.35","104.0","2021-08-18","0.5",,"16.5","18.3","14.1"
"BE000006447","UCCLE, BE","50.8","4.35","104.0","2021-08-19","0.0",,"16.8","19.3",
"BE000006447","UCCLE, BE","50.8","4.35","104.0","2021-08-20","0.5",,"18.3","22.4","14.4"
"BE000006447","UCCLE, BE","50.8","4.35","104.0","2021-08-21","32.5",,"19.2","24.8","14.3"
"BE000006447","UCCLE, BE","50.8","4.35","104.0","2021-08-22","7.1",,"16.9","18.6",
"BE000006447","UCCLE, BE","50.8","4.35","104.0","2021-08-23","1.3",,"17.5","19.3","16.3"
"BE000006447","UCCLE, BE","50.8","4.35","104.0","2021-08-24","0.0",,"17.1","21.6","12.8"
"BE000006447","UCCLE, BE","50.8","4.35","104.0","2021-08-25","0.0",,"16.8","22.0","11.6"
"BE000006447","UCCLE, BE","50.8","4.35","104.0","2021-08-26","1.5",,"15.7","17.2","14.7"
"BE000006447","UCCLE, BE","50.8","4.35","104.0","2021-08-27","0.0",,"15.3","19.4","10.3"
"BE000006447","UCCLE, BE","50.8","4.35","104.0","2021-08-28","1.3",,"16.4","20.1","13.1"
"BE000006447","UCCLE, BE","50.8","4.35","104.0","2021-08-29","1.0",,"15.3",,"12.8"
"BE000006447","UCCLE, BE","50.8","4.35","104.0","2021-08-30","0.0",,"17.2","19.9","14.8"
"BE000006447","UCCLE, BE","50.8","4.35","104.0","2021-08-31","0.0",,"17.1","21.0","14.6"
"BE000006447","UCCLE, BE","50.8","4.35","104.0","2021-09-01","0.0",,"16.3","18.8","14.8"
"BE000006447","UCCLE, BE","50.8","4.35","104.0","2021-09-02","0.0",,"17.1","21.6","11.7"
"BE000006447","UCCLE, BE","50.8","4.35","104.0","2021-09-03","0.0",,"18.7","24.6","12.5"
"BE000006447","UCCLE, BE","50.8","4.35","104.0","2021-09-04","0.0",,"17.2","21.5","13.7"
"BE000006447","UCCLE, BE","50.8","4.35","104.0","2021-09-05","0.0",,"19.3","25.1","14.3"
"BE000006447","UCCLE, BE","50.8","4.35","104.0","2021-09-06","0.0",,"19.2","25.6","13.2"
"BE000006447","UCCLE, BE","50.8","4.35","104.0","2021-09-07","0.0",,"20.4","26.6","14.1"
"BE000006447","UCCLE, BE","50.8","4.35","104.0","2021-09-08","0.0",,"20.7","27.5","14.2"
"BE000006447","UCCLE, BE","50.8","4.35","104.0","2021-09-09","7.4",,"20.7","25.3","17.6"
"BE000006447","UCCLE, BE","50.8","4.35","104.0","2021-09-10","7.6",,"18.7","21.8",
"BE000006447","UCCLE, BE","50.8","4.35","104.0","2021-09-11","0.0",,"17.1","20.1",
"BE000006447","UCCLE, BE","50.8","4.35","104.0","2021-09-12","0.0",,"16.2","20.8","11.8"
"BE000006447","UCCLE, BE","50.8","4.35","104.0","2021-09-13","0.0",,"16.6","21.0","12.3"
"BE000006447","UCCLE, BE","50.8","4.35","104.0","2021-09-14","2.8",,"17.9","21.3","13.3"
"BE000006447","UCCLE, BE","50.8","4.35","104.0","2021-09-15","2.5",,"17.6","20.3",
"BE000006447","UCCLE, BE","50.8","4.35","104.0","2021-09-16","0.0",,"15.8","20.8","11.1"
